"id","CTR"
4316,0.0429512168638073
7271,-0.0329907489300439
6477,-0.0220923827377326
4847,0.0122148111428092
4566,0.00107748965613369
4449,-0.00351885390321105
4000,0.101657578885211
5501,-0.0125869841871948
3631,0.0225088926081091
4982,0.0662272543343025
6813,0.0130433890626315
3579,-0.0542448693085182
5100,-0.0122643258766146
5048,0.185835970412706
5640,-0.0350738555503294
2559,-0.00150201012762031
2262,-0.0279455783180597
3494,-0.0138924444852641
1321,0.0399050220048804
3775,-0.00524335245885681
8279,0.0249384451201045
3518,0.195165582990141
3119,0.0850411755194843
3720,-0.051896080001125
9708,-0.0517824936022952
3500,0.012280474812616
5462,0.0331854390920908
9943,-0.0137210366438923
4569,0.0282093684166733
6127,0.0268720899249402
7111,0.0447338291827706
7047,-0.0252267056433082
8727,0.122045961898495
7208,0.105537420646101
6302,-0.0220216246611886
1168,-0.0248169825360834
8871,0.0880343473916902
3168,-0.0432554989666477
3438,-0.0602195202617696
8619,-0.0923161136303958
8001,0.0792910093849747
2515,0.0450578206767962
7488,0.141294814515084
6992,0.0457523644342395
8660,-0.0439565607660848
1678,0.00649621346354851
8513,-0.000421734438672432
6677,0.0781517404227114
8027,0.0679852111681292
2130,-0.0727237213802815
1565,-0.00327169774759286
6128,0.198183340014856
1856,0.0733834444171233
3691,-0.0132143091755287
5904,-0.0170298513200674
3921,0.00262584266915758
2786,-0.0361345650279972
8984,0.11857679785855
8089,0.209646357339289
2113,0.165091082172635
1123,0.029520933335809
2926,0.0811715579197742
4850,-0.0646454206081769
4267,-0.0483675461699986
4583,0.167958880198916
8475,0.0491462084983851
2053,-0.0105801839663532
4288,-0.00992973337572383
3483,-0.0387140684973187
3478,-0.0021863919319222
4561,0.0412982833216355
8665,-0.0108498499461168
4011,0.0139511718854668
2295,0.0185935786994066
4153,0.012300159354248
2293,-0.069519663124612
1196,0.0131100527764036
9308,0.0190096753033064
6095,-0.00931753708966795
6365,0.189888793922112
2754,0.0537601380201046
9513,-0.0237354686739598
6189,-0.0413835301498712
7620,0.0634652644802514
2716,-0.00151748661142342
7459,-0.0347715203046981
1880,0.0838132748436498
1614,-0.0325569211575535
3080,0.0499742018988069
5871,0.12310478803236
4191,0.270528454784363
3645,0.0119993022867817
5804,0.0758545552676459
3650,-0.0502752923154704
8718,0.301473706490617
1677,-0.0175306383375499
4563,0.0892571569276206
3089,-0.0320085860989375
7751,-0.00681414300876473
5438,0.0387133645949805
8048,-0.0430608634329464
1180,0.0630838878160051
6701,0.0823263266422022
4031,0.0581497346890487
8819,0.00796992581337286
4736,0.0728484782236784
6690,0.0290591465891559
5666,-0.050758208927743
5231,0.0742872975638538
5961,0.0183698380117696
3042,-0.0481276637076985
6162,-0.068048952147117
2122,0.113483161750968
9569,0.0730572886915158
7549,0.0730780143909209
5797,-0.00186724256214943
9060,-0.0636454503078718
4302,0.0153020091942583
8390,-0.0670226803244027
5624,0.0729764667643444
9369,-0.0496302953997481
9602,0.0173378949359076
4986,0.0163985426326878
1669,0.0896785364881427
5649,-0.0181717544546921
4763,0.0217593690139424
3907,-0.0550452192022385
3355,0.0621620080917218
6912,-0.00809443382693102
5948,0.0292968517367612
3165,0.0941374593229821
1834,0.0409955942561732
6826,-0.000479199153133614
5554,0.0749255372062171
1300,-0.0216277776710897
5296,0.0721278101421938
3659,0.0413180886881719
1029,0.0122625894900355
2518,-0.00961930038763533
8527,0.0654138442628316
9992,-0.00714507383436003
2525,0.0201797543365252
9991,0.0298680380779118
5838,0.0564076437377177
3091,-0.0277523693028467
3424,0.0275878683201615
2124,0.000166159637666414
2964,-0.0233407270552721
7455,0.129337163400314
2459,0.123406122801744
3170,0.0993288523959329
9904,0.00244349639731837
8060,0.086472999304864
2512,-0.0725909953837652
4364,0.0578557379421588
3516,0.0908481494053105
5463,-0.0322055423166502
4662,0.0977733123003653
2914,0.000849052138561113
8232,-0.00289828235597623
7449,0.00198667966877159
5421,0.0705136849697049
8515,0.0181527811999723
2072,-0.00706171638903152
6168,-0.00654810370265151
7954,0.139700075432232
8177,0.154906643263648
8844,0.00851175031260619
7909,-0.0560793135609362
2541,0.0355198733713861
4166,-0.0486547553469503
9126,0.013215860253918
9352,0.0595928967163698
6453,0.051563007563358
7877,-0.00147709412431502
2056,-0.0562260889752776
1793,-0.0588252761459015
2228,0.0439865191452371
8117,-0.0724685695126838
8991,0.0540288570819455
5778,0.135184860128718
8685,0.0538518693194405
8007,-0.0641496077383093
8696,0.0432590811479773
3618,-0.0115328745921761
7969,0.097427726948313
8780,0.0423693665900329
9481,0.0122583785653431
6895,0.0908336344709379
9373,0.00360213702537084
3232,0.0811047499786895
1891,0.00958538053966368
8284,0.0152204548104714
8848,0.0812612540662237
9831,0.0132634123395179
2730,-0.0153506897335402
8241,0.0492085306037484
6828,0.00184278930974176
5668,0.0458795631267185
1105,0.0446582872576995
7566,0.142201661583305
1569,0.120106174089169
8542,0.00442057457400405
8858,0.00591900040575118
5932,-0.0759224593230205
4290,0.0631209863031883
3194,-0.0468916544844587
8792,0.0250224996069981
9283,-0.000469221742330837
5771,-0.0431489786904668
4578,-0.0281538294203282
5911,0.116541974239069
3913,0.0954479327420482
8324,-0.0587023675470295
9673,-0.0872234654880338
3467,0.0025748854195002
4259,0.0806832048536766
1760,0.0838463815145212
4928,-0.0126940154834225
8708,-0.00257426528111955
3122,0.128254206174108
3512,-0.0725903147257442
4724,0.0136697034490227
8040,-0.0621027743507172
3497,-0.012451022627283
8132,-0.0273348072627387
3290,0.0324115221972385
8841,0.00670042625022134
3685,0.0223522601754168
7038,0.0325801965826476
9857,0.0487557941998581
1267,0.0955799179354941
6696,-0.0381504668860255
7875,-0.0211688034478575
2937,-0.038537923153589
7483,0.0900856250250438
6370,-0.0170625529549827
3076,0.0443083029967003
5584,0.169814472244366
3502,-0.0517504523740943
4933,0.0255799536876196
6854,0.0907043265108689
5417,0.210445158914089
6936,0.00491582411227106
1511,-0.0158041950111339
4697,0.122498486110016
9781,0.0891744070630136
2840,0.0195586226077107
5827,0.0138601846235354
8951,-0.0725405322241533
7228,-0.0354465187457367
5817,0.0423508763616712
5232,-0.0207201410858864
3095,0.00158716763588332
3473,-0.00942137373411014
7070,0.07011005112185
8338,-0.0520644757685016
1056,-0.00802347921837124
4091,0.118657153993518
5411,-0.0219442260820478
1657,-0.0526129476005205
8173,0.0552023734372674
5924,-0.0307347239641854
8062,0.0693079740953908
9292,0.148055621772237
3811,-0.0744133553203299
1263,0.0346665808697841
1375,-0.0198384894004775
8425,0.0176822432716484
3753,-0.0552575595010873
9840,0.0637515999569096
7125,0.087398567515251
6564,-0.0563240810422439
7742,0.052938016954082
6171,0.101304171379184
6980,0.006805022743657
9938,-0.012723993930295
8634,-0.0394892034789301
1831,-0.0380933261456961
4155,0.0238624729319763
9144,0.0286809668167092
3892,0.0820009081768048
6110,0.0604758528593515
8083,0.199932057508902
7746,0.0096884011758889
2705,0.0517278981983817
6984,0.0205912067567115
6359,0.00445053429210904
2474,-0.0393173296291434
9924,-0.0013154958600411
2048,0.0760832367522066
7618,-0.0595877410464924
2028,0.128493090051129
6232,0.107832903312761
2707,0.100976860952767
8139,-0.0256290826217953
4630,0.132236600516437
1137,-0.0708420526507462
7557,0.0256241274190358
7402,0.00369831223025585
3381,0.0352673602014629
9647,-0.0365020504605481
9445,-0.0296657430892665
8391,-0.0101303312245172
3245,0.0818691565316245
3468,0.0660162720609864
6541,-0.021979689600008
4335,0.109366481431436
2578,0.0604526964460802
9035,-0.0525025993250055
7382,-0.00686251544976354
2832,0.116707532304391
5896,0.0880873692272892
9609,0.106484693837555
8414,-0.0291768566917931
1393,-0.00228677434787054
7777,0.0941455791302196
3293,0.133191207443393
6761,0.0357381269377476
7092,-0.0674698932711833
8105,0.14682020197246
4808,0.0703518607228476
5754,-0.00412269211126234
7412,0.151588929164236
1157,0.0856340484086162
9763,0.0950001408475195
7457,0.0718521393349489
7832,0.0430288263598667
1598,0.0447798961619615
9929,0.119841839438484
6312,0.0635897504368788
6331,0.0370803799254467
7588,0.10018812749463
3592,0.133630968090143
3164,0.114579383150103
2639,0.074176203549416
2175,0.0523565915013403
8354,0.0461792243099461
1388,0.0213750409104799
3034,0.068266571714891
2011,0.00951186660930328
6200,0.0251928537466209
5776,-0.00899380640022038
3195,0.0619691206512098
3644,0.067964370381956
4023,0.141448061613362
8596,0.0386864468564245
5994,0.0815859422665504
8601,0.168432103428884
1257,0.0835117049327231
1078,0.0893101426000243
9097,0.0691787679470508
4746,0.15549249006887
6686,0.103168852753092
9297,0.0762727014160058
5055,0.0992172660778629
1559,0.0834336930107146
5682,0.0540258149750796
2380,0.0885740639139832
9092,0.115310392339905
4990,0.0900223641116236
4925,0.0872207669047587
9526,0.152380838105074
5260,0.0619915587982653
4598,0.1829281019283
3748,0.0446296507138241
7044,0.122322379846473
9728,0.178247641862153
2880,0.191689622253966
9868,0.185992066689868
9306,0.0682005655491566
2226,0.122544082107544
3271,0.118924195078265
3149,0.190219357066936
4955,0.0532149737563957
3347,0.137993343028001
1207,0.166746626445221
2390,0.100767329761716
5318,0.0465432616424159
6767,0.149826210969284
2385,0.00550442385264238
7054,0.0361823655421248
3032,0.0397505418768873
9614,0.085706661746021
7464,0.144622158878533
4268,0.0633396304669506
3055,0.055522628858238
8157,0.0854276739426958
6705,0.0687742398389412
1176,0.12462109371118
7287,0.0135295358589512
1605,-0.00172128583000972
5274,0.119062784034352
9535,0.0468829916650901
4172,0.0206388897629977
1723,0.11547716045249
9505,0.0754854875263341
7919,0.0727395129390223
8550,0.0255685452571415
4512,0.179797727043013
5821,0.0229437221351782
5927,0.0835443687056191
8663,0.0989187520915365
8334,0.142283718860393
3366,0.250553436081737
7642,0.105136609705601
7677,0.161737873178006
8490,0.119188197144786
7160,0.0247368932970134
3591,0.043536191590804
8784,0.1327134603975
3688,0.109192379911957
2601,0.0735764015574367
8949,0.0494129643515727
5991,0.12835939925095
5862,0.114413527671477
5310,0.130474200462189
3325,0.111231242844279
5495,0.133604759642725
9911,0.123448364952438
3175,0.0484831827988293
4863,0.256867831992467
4269,0.0827940424231751
6914,0.0896322214991062
1711,0.0327710989192811
8043,0.13378161060923
6139,0.0764638254872133
1112,0.0756274410082354
8857,0.0455745387372853
1086,0.044852690802301
1479,0.106492172840509
6261,0.15144744077601
2451,0.146965407767772
7899,0.113839923345789
9360,0.186997958656984
8793,0.142245135298631
4445,0.106489191690328
2132,0.167923942606585
1787,0.0843529829362586
1423,0.110592803381764
3561,0.108078983423514
2326,0.0513894525510838
1908,0.116177621923452
7467,0.189288517811494
5577,0.096463189569897
9600,0.0951995377182328
3138,0.0862130344347768
5585,0.136072773631472
7350,0.0727344877023871
7745,0.161910186599483
8916,0.0649040518480597
8826,0.0884637633315497
8224,0.155382560776762
6939,0.0527194020005958
8653,0.0998246710123603
2798,0.0464094433311645
2596,0.136919427300555
4376,0.138282476397203
6768,0.0823582147912736
8912,0.087429430963122
6842,0.13901740529087
9070,0.160916607647311
6246,0.113204649161234
9443,0.290028145083579
5694,0.135893808378452
2783,0.0561920372213853
5284,0.0336115109842294
6863,0.0425390821364906
9752,0.0805669269261047
8330,0.142800471211672
4208,0.100705033528845
3781,0.125876554360744
4146,0.149691563258607
8231,0.039601980861953
6140,0.137958014229412
4245,-0.00145794622041236
2097,0.0873124743779803
1081,0.0828925449947059
9485,0.198662054083014
4284,0.17598322064889
9359,0.0907805815359455
9214,0.113262525606984
9220,0.0982277777498858
6000,0.11999006227116
1331,0.11615203718182
7352,0.0947654973667268
5090,0.0713288736839464
9640,0.090193748448609
5252,0.0917472666650224
2426,0.13764120585446
7021,0.112582140414055
9927,0.0951886064393816
2963,0.0808181614965533
8837,0.0904311649590716
1068,0.103645893554673
9248,0.147283138077653
8292,0.130435500190954
8894,-0.0189105774384784
3351,0.0723055963268205
3333,0.14076979258612
4776,0.151232023069738
4624,0.0557667247553025
6051,0.145494576339474
5066,0.0953631958003647
6431,0.132086324268243
5194,0.0406289607405984
4754,0.0770717283154675
8538,0.153082143835368
4012,0.127807667269528
8978,0.125135319939653
9997,0.103547381975876
6659,0.15441900524077
7198,0.203883488146849
4623,0.138603922758665
7286,0.152824633298832
4901,0.189871827274307
9418,0.0322112015369661
8715,0.0293051305982161
9846,0.122983147677865
9950,0.100380469271871
3580,0.120597367043996
1136,0.166308836893645
5914,0.0337868221902673
3163,0.0940704045238954
7567,0.149087963625202
7339,0.151573728125146
1183,0.0800607505211921
3182,0.0704206429441846
1026,0.0142016292199759
8441,0.148732991954802
2008,0.111237558052805
7798,0.0623386142274317
9527,0.146401374493242
4209,0.0603766734639385
3357,0.0746973367713344
6965,0.170749909249748
2636,0.0755103402719078
4644,0.0443653652206625
3183,0.0459419021057161
5061,0.13599963386149
5741,0.126508071390715
3825,0.114165044420096
1434,0.116320834508627
9999,0.105047725758806
5980,0.144633674038251
2479,0.122546393105699
2014,0.0732237815160009
5872,0.115881979680301
9174,0.152376796094956
9824,0.181810101924502
5564,0.0685796274562696
8522,0.135188903866231
8607,0.0307136438454852
2155,0.0821963037071961
9394,0.118631103812099
1305,0.118152319008265
7513,0.143553084381695
1595,0.0721842080285791
4688,0.0498483104667358
8566,0.128504230598508
8630,0.0918439412013581
8956,0.155082663166318
9455,0.16942810651295
7970,0.12750171215475
4786,0.0506070913256262
4753,0.101448995900422
3899,0.129957844490481
5246,0.179098161968545
1097,0.10970300655643
5342,0.132283050381103
5732,0.0892388710361907
2903,0.11772815370237
7725,0.140423126525976
8182,0.0927659252126796
5869,0.0854807745181743
2137,0.0850888809255251
2796,0.0126005409548294
6772,0.146561253817633
6106,0.135846922846849
7655,0.160820052346917
8769,0.0302799532102138
3413,0.167642417166361
1074,0.0483877583134453
3679,0.146404247134319
6237,0.174628737021597
3893,0.111596730844574
5976,0.136381646549616
3655,0.0483173244975175
5787,0.110479198382145
3409,0.143662956783421
1936,0.161000465931894
4431,0.125251110424177
5738,0.0753466103608021
1701,0.10577568127724
5299,0.0411672904323692
3244,0.0984954416983771
9543,0.179423153661105
5238,0.0474908814356618
9234,0.155498662966562
3922,0.158370168851587
1395,0.136355438226817
2649,0.136194947942171
7196,0.0783193906629469
9620,0.0656140520290379
7505,0.0810945614915133
1378,0.142716032387569
1622,0.157676165159359
5492,0.131179667758732
2620,0.114129958458852
4353,0.117928292446929
6745,0.151754735971251
4869,0.138173428860585
8237,0.205390460821673
5605,0.156164138427558
1002,0.120999985327014
7943,0.102265030863019
3577,0.0432242099699175
4461,0.148211388970957
1772,0.0741953701752873
5526,0.127077097755936
8632,0.152033435812512
5963,0.107081095469264
7094,0.0549917680215418
8044,0.157013201288593
1166,0.126145899248204
7910,0.150726564085178
3192,0.125878233246261
1810,0.20286144482736
2220,0.0419333643763527
9451,0.14830455920775
1995,0.0796630022875934
3115,0.0985061687972278
1126,0.126267322632826
3373,0.175653253750887
4451,0.159111407101124
7414,0.109334870885399
3967,0.113737768489692
6294,0.165369523013329
7544,0.177269902436452
8070,0.0672592149882829
3083,0.168256481734661
4646,0.131216104027863
6643,0.0794350466341648
3746,0.180460547626166
2931,0.149981193374885
3312,0.0838071671513104
2755,0.100607829576951
9004,0.192279383359126
8651,0.126123953768616
3523,0.113482804191774
4620,0.157440164294159
8031,0.143245463385171
8586,0.126973368594493
8248,0.126934235462104
4600,0.0527154760607383
3880,0.1484550226868
2330,0.111266176526958
1087,0.199228090831562
3508,0.127144871720288
9539,0.219764541574773
9504,0.156886379724294
5909,0.138734203694281
3801,0.0836972940389932
7471,0.177291776680877
8829,0.143565946081399
6458,0.155994620396871
6446,0.0817951583710906
7121,0.119518860197614
6491,0.188087965590258
5644,0.0858514476433528
1685,0.19265447206375
1591,0.140623058435756
8624,0.182916693277032
8992,0.157571695440264
6728,-0.00210860549132322
4699,0.144657628483169
3103,0.0820544569601509
9354,0.0564674961269509
1613,0.131717028857598
7132,0.109583171283758
7789,0.188313822128774
6082,0.0605437278068781
6074,0.166217663583093
7987,0.188806586758253
4813,0.178965469838608
1418,0.125203170008306
4691,0.13968674744651
6644,0.152245438693288
5185,0.163568979952605
3769,0.194086189944331
5901,0.155404216949934
7338,0.064883186706134
4253,0.131836892770221
8382,0.183011683262917
8184,0.0681190580675015
9165,0.101722058553624
2718,0.0465591557697579
7507,0.149161779568132
2192,0.163090019620734
1870,0.115948816268225
9049,0.198255354654641
1387,0.142976325320648
1637,0.119577451795532
2250,0.0977216068294544
9907,0.0867818118934921
1476,0.154620642036006
7439,0.11063511219154
9521,0.15158049156357
3403,0.164270592755262
6734,0.105197283105897
2969,0.193152834848715
9693,0.132982922311086
4221,0.111268893663381
7280,0.138668650714817
8033,0.218913260088049
9299,0.199981945051186
3806,0.148376380805703
7843,0.110068484004366
7581,0.185370975462006
9331,0.168723931309864
5806,0.0676605161513507
3727,0.0694504828420676
6970,0.12946385782647
7251,0.198644521868818
7597,0.147503162595619
8502,0.0928319764980655
3177,0.241680510090954
6544,0.0826597871811743
4076,0.102555725416754
1780,0.0836976003408597
9423,0.0580967896113154
8325,0.124077287868345
7018,0.109260364926998
2249,0.148142573880162
5857,0.17577819395508
9592,0.0512316615673637
1549,0.106667957767522
6042,0.083699335222152
9777,0.174654741165259
2602,0.177114576247294
7264,0.141584135851303
7187,0.152765928547326
3996,0.139214885155471
7920,0.151109200692774
8751,0.178269931610788
5374,0.100436729387437
8867,0.129042166940184
7376,0.0873126362576602
8022,0.156155047102639
8961,0.173641670464774
5602,0.169852826829665
5096,0.179160292951377
3654,0.0872964018845193
2968,0.138612165419076
3306,0.0835497596649444
7805,0.129124920554562
6730,0.102859352891696
5595,0.10475558212685
7706,-0.0180624371716354
1789,0.116496245641522
7081,0.136414829127847
6561,0.258611711458335
8501,0.123009726182989
2599,0.114303405890769
5077,0.0790507034921518
8730,0.133493620816456
1357,0.0671546523067835
4047,0.112734163879293
6267,0.124505881866613
2579,0.124301827424662
9510,0.0738481575926304
1252,0.170622563574542
3425,0.190525663155031
9130,0.166741283279692
8349,0.0876305113631582
1600,0.133311707549545
2767,0.150837279643833
4230,0.14180903049705
3653,0.124883300143151
3299,0.159676260935056
8599,0.144002754230657
9793,0.0909223046978992
3203,0.119064390707797
7992,0.128111956437105
4228,0.177818219277254
4989,0.0553989773035763
2369,0.13176493107348
4192,0.146175856271771
6543,0.174988664716281
3356,0.133828968641624
8536,0.118667796642011
6093,0.091547771436088
6778,0.0797994291018877
5258,0.139934054703858
7812,0.14424427125305
8627,0.116966006705809
2405,0.191286441375279
7590,0.140422983608673
4215,0.138866244269312
2493,0.0969321740652227
4660,0.146978130891921
7027,0.159507366520356
5774,0.186715185243301
7137,0.110737342308222
5823,0.0858657146921186
4633,0.142976663759544
6739,0.146660621579354
5986,0.13152898743254
4902,0.168837349315066
4306,0.100277234441564
6592,0.0906870291085966
8902,0.149862948581755
6285,0.176571121740729
2222,0.149956813116332
5155,0.0317625032542612
9319,0.151597500709811
6771,0.15516167140735
6272,0.225554307280603
5097,0.167726534733422
8243,0.129656909759926
8971,0.157800023031894
6470,0.155090289228887
2597,0.0787407513682257
3766,0.103190758757273
9302,0.161477265183863
7897,0.136693124142585
7079,0.162589431354037
9918,0.036973259466878
5539,0.0585953025138312
1372,0.151918441376764
7498,0.12516362851369
5331,0.155496043172879
3421,0.120075013387166
4400,0.153130227276597
6942,0.188002344414217
5129,0.143226477367725
1786,0.179828709085059
5240,0.119578916813678
7211,0.105113360679882
2383,0.146463647913026
2725,0.149084593910755
6283,0.10952040990559
7224,0.172136006586692
9193,0.0927949906985179
6112,0.110367902472501
1182,0.0962491993943958
3522,0.166381962225798
6565,0.0817555733906963
3277,0.204616350957558
1603,0.152901798427164
3958,0.14173386740394
4778,0.145599008120201
6830,0.084661963225234
8004,0.122918873078847
4848,0.120347527829167
2414,0.137929162376261
2881,0.217343053916116
3371,0.128835796859771
6858,0.179106972052696
7562,0.110573980824917
2857,0.0429609406908096
8252,0.0991127393145221
2029,0.168707616784477
3860,0.0756877188255291
9491,0.158407714877711
2294,0.161504389991958
8694,0.0831352779119651
9635,0.122440123533505
7107,0.157337253326609
8714,0.0894266466624442
9310,0.195810010872354
5662,0.134570006171248
4960,0.160204742509873
5436,0.168632164132782
4826,0.0861208794592212
4343,0.144920831167371
5182,0.119974998875734
1363,0.148173923578447
2058,0.0485798780920941
3576,0.120721558149338
3914,0.138555374805921
7658,0.144083134664761
4177,0.140098100335606
9420,0.159102142897573
3998,0.212255811809725
7516,0.187590004013418
6202,0.134952579022264
1825,0.0782459272911691
1672,0.0795300898684093
8500,0.0827480491680647
1689,0.170792919837993
7653,0.220540068774645
7256,0.101593588891214
8895,0.053522803135344
8843,0.183653805614435
9084,0.159010376055207
6785,0.12070098942035
2934,0.1588795745885
6754,0.164945592073043
2291,0.160479791331363
1208,0.206962290031057
5039,0.124832132022201
9178,0.114091529719834
7679,0.141253728526156
6782,0.0689204862066314
5659,0.16300933029353
6597,0.180892513797347
6876,0.198861432730458
3187,0.200276678732311
5328,0.101813678444188
1453,0.139257524345621
7914,0.167893872273273
7163,0.142629338715764
6198,0.154333972661807
6764,0.103962420116608
4034,0.152367089961874
2871,0.186351660686884
7876,0.134369864566629
8288,0.130153754853447
4197,0.148440788095491
3011,0.0635454656353168
8258,0.164344473271135
2712,0.101243741128161
3888,0.0989487463474177
2717,0.147794383076144
4138,0.0507684872375115
7005,0.212940686459935
9556,0.12489674912491
7035,0.0521580543434411
7981,0.109619832012943
2715,0.102464259284793
5019,0.192536992753608
5908,0.186234209898399
2625,0.137158386310532
5724,0.0828366316733714
3106,0.138946890293223
8385,0.129507839747428
7929,0.141119204998946
3110,0.0587521529097839
3199,0.175777045832281
6780,0.142354621862045
8136,0.179699271212771
6163,0.158499234669778
7158,0.196211642978325
4109,0.171694632195714
9877,0.157665580850448
5290,0.156601893681502
5390,0.137376113746848
3517,0.164723520709289
3861,0.133537090046367
2581,0.115610354844299
3441,0.0723671363457281
8063,0.115190933365111
6976,0.177938906991244
2234,0.14586274356771
8559,0.233073018716314
7221,0.19574736738183
4370,0.0325294938800564
8430,0.126893070125268
2608,0.138759377057732
3318,0.129754298092509
3248,0.171951508878689
7148,0.168624217120622
8884,0.190344841087144
6697,0.0608023154467298
8682,0.13027791848885
8398,0.107927179106825
1552,0.148259213609762
5947,0.156811406997287
9441,0.188303091005443
3537,0.127408250122006
6946,0.1819005896166
5469,0.189106902864703
5134,0.158599537716573
5744,0.173662189431149
3602,0.139542953777551
1746,0.137095351836414
7065,0.0414547511708203
5802,0.063450167929605
7210,0.0881043253633295
4188,0.120083556217494
5979,0.110989890183689
6329,0.133015333599974
6447,0.214906500849673
5195,0.0852996525048961
6414,0.108000374849467
6356,0.217943330026734
6933,0.10328035010517
7242,0.145800528409585
5769,0.15354850488742
4949,0.124780505597918
6542,0.189667728005762
8058,0.0666837676538548
6545,0.196100115406611
5844,0.149930231063215
8341,0.0669517772480082
1997,0.118045650151405
6509,0.136841787881902
9016,0.0740528910489705
9288,0.140505703156073
8820,0.149545318983451
7199,0.137698132927388
6687,0.165795467826241
9841,0.119836068073017
3909,0.172363799743015
3052,0.21983138783285
1822,0.187450737477226
7610,0.146507579384161
3369,0.20872632734863
8008,0.128849534954711
5985,0.13281379915525
2523,0.185468476212327
4365,0.130594041880403
6001,0.210520854240383
6598,0.108459598197172
4927,0.159417987629644
7820,0.153459512147808
8374,0.138556223606155
9104,0.138218261190164
7873,0.0876759592259123
3434,0.206518581657801
1896,0.136433241499822
2694,0.115800751307462
6709,0.109181989542113
8890,0.194517174440917
6738,0.160573261478405
2810,0.15158614363194
9623,0.13861105657
7257,0.1395168815394
8813,0.155348952644971
5570,0.198185077671214
7391,0.132349091824238
1783,0.208560335912688
2514,0.143733075404005
7631,0.186604793119753
9575,0.115838859525393
9971,0.131558861954464
7786,0.141325508159194
9379,0.159210280151792
4840,0.186282094877587
8915,0.126627592359052
1869,0.162487609152012
2384,0.153803095015115
3402,0.143656511339693
2900,0.246262414716647
9338,0.134172061153327
9747,0.146767284764073
4781,0.11038895321677
1284,0.136821283484577
5418,0.147103339990803
1747,0.126481832633358
1010,0.160464328609656
6788,0.136888531536871
6715,0.132378137674242
9080,0.188698537818315
5471,0.22805710465241
4900,0.153691680889116
4606,0.166444735514157
5815,0.113973416643742
9721,0.141956146462411
7995,0.168472091779177
9646,0.195028683760034
1957,0.131337175615204
5276,0.121502609588042
6899,0.0941293096150697
4501,0.129625084688477
8221,0.177065634103152
9837,0.163116956248013
3505,0.184351693872241
5950,0.15499640175575
1129,0.129703296098879
6717,0.0932865510045289
6900,0.140832463638
8373,0.200466912208119
8095,0.166332352158425
6377,0.143517729778025
9869,0.105164286523904
1761,0.166009904996308
9658,0.166642252465759
2080,0.160848784896664
1337,0.0703807843620673
1663,0.186542482500683
1527,0.180407657111454
7770,0.0443455159143338
5701,0.162180562367575
3286,0.170041524551989
2854,0.189300694391171
7715,0.139593535083279
7393,0.178787721916218
6070,0.188610963270124
5295,0.0904145569051162
4134,0.112129618013973
5200,0.154548204113505
4476,0.130193230149006
6118,0.214759085555676
5221,0.120973070821242
8317,0.148325411676531
2376,0.155349476570213
7427,0.172118199179507
7441,0.155462406548273
9961,0.155788401495936
3262,0.145589674221748
3281,0.128664961333327
6075,0.0637000215767071
6530,0.104049107651426
3614,0.13352687043274
1767,0.140957835440041
6964,0.199890221803772
4088,0.159349954634123
2566,0.18221851157309
4780,0.0419354629299468
4971,0.159669891603546
5527,0.131012814141436
3569,0.179397821349019
1314,0.131781416964826
8465,0.196668675644341
7686,0.155365715862193
2123,0.0745448196884228
4190,0.182156234494458
4392,0.14777309155254
6368,0.115694118671011
6853,0.189316929127229
9736,0.155934464976951
9582,0.185455355592098
4507,0.181823823868754
6476,0.158442875863992
5792,0.0982661170130088
8196,0.303855033136687
5383,0.155644212753462
9158,0.17580650962917
2205,0.173581214302699
5224,0.0859532506464399
7447,0.194936692184581
2628,0.158219543711516
4077,0.140896647330802
5477,0.131157437591697
1424,0.253886906054773
1281,0.164123531903018
9968,0.12855288236954
1864,0.15121785419013
1882,0.0756393878341875
3077,0.113706600602159
9818,0.180910229836365
3601,0.116324130167831
5691,0.179002231844785
9675,0.197015280214986
2521,0.112206558496567
6053,0.197530953066429
7243,0.183199877039353
9263,0.172125411205215
5885,0.152959281230673
7252,0.131696484421038
6857,0.161193473463397
5117,0.14239594899822
2188,0.105359130429285
6201,0.174147523872698
9116,0.157464469005777
7735,0.123981323600246
6968,0.117979531558577
7772,0.140583849565252
1362,0.131996756128215
2999,0.125940911520463
2370,0.222755074836236
2352,0.144028900306086
6338,0.21914388224797
9250,0.169914680399874
7295,0.12415829086549
3790,0.203058475744721
1133,0.10683076866033
5781,0.0990179741942333
7113,0.104801618191637
3642,0.168090531963944
4348,0.164645757193879
8068,0.138325998657391
1667,0.130059799992891
3536,0.134993553526126
4171,0.173518544518395
4456,0.136889946869837
8788,0.0631543462099296
2246,0.14041627136925
3854,0.144695965334712
4104,0.139665608580394
8450,0.191913866728365
8509,0.125388015054583
1542,0.116846969493296
5426,0.201262311285066
4478,0.115532406076083
2433,0.0552234529113606
2499,0.165511883298611
2332,0.103690991298868
3787,0.190328565664542
1728,0.119273726570562
6995,0.162535166035507
8480,0.144161717856923
8859,0.086888009918346
1100,0.202645470838402
3857,0.121282932596926
7882,0.166759948935978
4402,0.153046249915392
3363,0.105705763933869
6948,0.226467689499731
8439,0.160599197376596
5046,0.163202765970598
1006,0.223613030826048
3239,0.0997588770669612
7865,0.164065190451066
1547,0.102961768984558
4696,0.169087362748872
3285,0.149656474702968
7452,0.127461334615305
4961,0.154006339185608
5915,0.162288341108546
4344,0.107043769812418
4643,0.0683028734390937
5141,0.139682011463237
3317,0.0803587799971878
4737,0.0740402398072446
7432,0.132254970033236
8787,0.147880640710665
6394,0.179302062717749
9240,0.196236180913687
3004,0.0749154555322344
6249,0.167600719014731
6562,0.217207447627303
9047,0.164915796210967
8013,0.17882574047505
3005,0.121241843053175
7087,0.125300080238299
7778,0.119975836923272
8406,0.188482557480015
5085,0.142660036344603
1242,0.132306083476555
6326,0.143496088094609
2206,0.111825073964361
2354,0.154765612772796
8090,0.17387611714175
6668,0.191242333342365
3454,0.156426718849334
3100,0.18643079601917
7651,0.177327003016883
7893,0.217343053916116
5160,0.164836537670757
7546,0.133892210973678
8777,0.209536510184658
1902,0.127052935107572
7182,0.212528096663928
2403,0.145361401635894
2887,0.170046485495905
8732,0.143043552464438
7851,0.174941485350213
9509,0.128236284231008
8046,0.154979562327409
6330,0.155114110035555
1405,0.145061166964647
3629,0.119712195920296
8608,0.113570982841282
5248,0.156807775884257
3178,0.123372407825058
2182,0.167258903420227
9237,0.0879831616982032
3736,0.132068929401246
2657,0.204831080296179
4325,0.106224397083623
6721,0.142063011726487
7800,0.172446458838608
6205,0.168912799468677
7654,0.146235524201137
9432,0.159576716631501
5126,0.180154095758873
8887,0.235967619750278
1005,0.123615749721868
8945,0.162871517504325
9272,0.109955114790807
8308,0.185105215776849
6505,0.143746609103414
2311,0.143029611245456
2471,0.161303219623622
7650,0.148449503882983
1759,0.126944031364164
2794,0.160955794734311
3224,0.177549874706817
4810,0.121606351340382
2902,0.0744345976900536
8455,0.15235424449142
1503,0.166862413311051
1274,0.0966660453602778
4297,0.154087509098098
3948,0.16314499027475
7181,0.0775701441912395
1098,0.12969093555734
9044,0.140427251488039
6747,0.177051506641718
5630,0.148757411877445
8854,0.153321651653141
5227,0.236921838713662
4729,0.164577446082383
2375,0.128507883414747
4993,0.158922517627073
3307,0.115997034808382
6187,0.146286455946644
8337,0.142690418715413
6448,0.15714920747308
7330,0.198182621993647
7640,0.0913702139598757
7203,0.128925429837322
7668,0.140320021771179
5540,0.0623151564609928
4068,0.167461359151793
4026,0.213884523182309
5943,0.165321530379404
8283,0.185256068137515
5795,0.127384443236324
5625,0.180811652965087
8707,0.117550390593588
8315,0.182365828957374
8815,0.151988235746967
5377,0.190934735839253
5036,0.136618705953138
8242,0.0281759594136746
7925,0.109382715925764
3547,0.20987078784998
4523,0.154862586425074
4906,0.0916148607860275
7863,0.146243720756151
6403,0.161969716288862
1083,0.146318173590857
8734,0.142120917159801
9226,0.152466964630964
3583,0.118887084878796
6049,0.141149055929443
3021,0.0910397751303647
6993,0.184934823700196
3901,0.169248869641136
5956,0.0700619272698847
1708,0.143058712749679
9041,0.154554936874215
7791,0.133683057134993
4755,0.190869219747754
9210,0.138208100130204
6626,0.087261633420085
2427,0.116400077728178
6125,0.157833533027776
2650,0.216822956935824
7258,0.183280550513246
5936,0.146838420523259
6608,0.165443040539533
8560,0.149664489168932
2752,0.163889553877369
5051,0.133593923254078
6159,0.133424512156492
7229,0.128044831403091
1661,0.138054942175621
7331,0.0962653167876022
5164,0.169138667344819
4534,0.158331821578522
8907,0.0412194909838436
8384,0.187829977471935
8935,0.176640621163762
7246,0.24353246212514
5267,0.131137299267503
1858,0.118013734557195
3448,0.139336055317798
7493,0.111182886162516
1116,0.141788895476648
8572,0.174287706444505
8274,0.0579800209024715
4222,0.149352137437679
2303,0.163943182892099
5253,0.165037339282637
9856,0.167784457108297
6259,0.0549163737720406
7644,0.126578142681376
5399,0.19617896895595
1248,0.189879916616834
2697,0.207325781187983
3060,0.19706952622609
6502,0.203093795400376
7939,0.169607510055744
8152,0.206330201676401
6843,0.134281816022185
8268,0.163835103595302
9002,0.167055505289465
5604,0.184387010452923
3323,0.0809903945186133
6641,0.145705304159874
7646,0.186841538437376
9429,0.209227121220788
2060,0.19219061176163
7952,0.141449526928802
1376,0.146795995744264
2907,0.142327309387975
9001,0.168491980082451
6776,0.146080913396548
9634,0.185396675238806
1212,0.199655218053868
7410,0.219977835056607
7532,0.145674437013403
3946,0.0926269244408931
2763,0.134747354045536
2404,0.205984449034246
8767,0.165478231488405
5760,0.159226117292976
5467,0.156242378265698
9887,0.183567734688479
5128,0.0978926778973516
4735,0.137288352751219
5740,0.103671188487026
3842,0.129654210938001
8361,0.150570904150502
6834,0.192773361015124
8810,0.0845213711658179
2543,0.186535999359382
9892,0.215028826448331
9245,0.149522059463993
6381,0.154454759601817
6662,0.134357598583465
7673,0.151799864422324
4056,0.214207113529179
6750,0.190635639910456
8329,0.15698339517411
6985,0.101624028300309
4550,0.125427841062776
7887,0.12438831734219
3360,0.204287623213898
9810,0.152164366728213
5512,0.182661498275046
3067,0.166273605704028
3605,0.144070160744757
9065,0.140808720814199
4194,0.247842667830396
2801,0.215356962301231
3551,0.11337629485057
9560,0.158103952680193
5122,0.13689476281931
2232,0.122422861714436
3267,0.195384545422029
3335,0.135629793749796
9959,0.206932652399685
2042,0.147342723857558
9698,0.157988894592188
5387,0.20005963225286
1533,0.136605350652041
6149,0.174848408970327
1421,0.120788719510778
5879,0.0546624890879039
4363,0.153456627869531
9069,0.063205265552387
5115,0.159581462472395
6313,0.0884367435547662
9127,0.189680438408466
6238,0.186248957014683
8753,0.310302940598306
1144,0.109586481316439
4035,0.125913197136511
3557,0.134467083273152
4789,0.10534003350921
3622,0.146484786551407
4539,0.111211182538286
9710,0.0771283928669337
4285,0.117950353708439
4635,0.19194766644284
6720,0.209139874998443
6667,0.173452751866035
5557,0.1324105753506
4298,0.174814150535529
9821,0.156413845119659
3985,0.113924442296996
8746,0.111659001537926
8404,0.153353476493278
5920,0.105541307919424
6325,0.15253337028988
5074,0.174630240415932
5772,0.185580387132202
2524,0.146280968850511
4345,0.17291768607236
3670,0.204791659520533
9834,0.179060839591552
5370,0.159773201430549
7719,0.105369564198989
9005,0.158393262134804
2585,0.148041364512145
1030,0.183471228023718
5990,0.102608320944386
8701,0.137688181774211
8086,0.22555645406515
3850,0.219023058052473
3765,0.160611734413659
8257,0.186410919980435
6156,0.103694036386057
4204,0.120420422564951
6216,0.19440464695957
5832,0.140412942979982
8143,0.20714734879412
1259,0.095085514358269
7626,0.175023151617689
8358,0.130044293325718
5834,0.141771758940456
2845,0.0741307254723102
3559,0.0833312598441239
3302,0.136234222045823
7130,0.187739477339063
6775,0.0877713539839558
4670,0.0651601154956706
2428,0.113487458009639
1412,0.179834414980785
5729,0.16369051068549
8905,0.136102439227146
8272,0.154681100655385
4667,0.139601632033355
9584,0.17513863734645
3969,0.2128184080967
2876,0.20399286601109
6461,0.163390383997381
5266,0.140155870096463
5323,0.161293660396254
6609,0.131925323375841
5017,0.122495816169419
9266,0.142012016624441
3763,0.164792608114894
6456,0.212384705831553
9033,0.12832077437595
7771,0.173390368678302
7858,0.185284746806439
2417,0.200032249975803
5423,0.159989712613274
2488,0.130657519152819
1262,0.177783299401792
8120,0.175261529809121
3263,0.155396648933882
8571,0.232794112023162
4935,0.211170877573676
4396,0.135699661069294
9639,0.120660626138734
2797,0.135639786611533
2284,0.158443928396691
3532,0.160104563778009
6167,0.220103747303455
2127,0.207164429792975
1194,0.16409831479879
9555,0.23172081337444
4964,0.127395426898412
8697,0.181589732320339
6874,0.158727315620229
8352,0.190668749039308
2108,0.168729574451813
6676,0.146478704419402
2671,0.177129848437442
7510,0.20706341806991
2746,0.214941949473643
7172,0.161549802931371
9871,0.155726813303894
1588,0.113019613221107
8760,0.164868403867252
7487,0.192684574857795
8134,0.135544713506436
8972,0.180180568052774
9023,0.212599711417574
3821,0.189263219908195
6571,0.135983024942975
4861,0.108556852504305
9537,0.219665965276229
3186,0.19756316146783
2569,0.149635606165898
6916,0.145057427693423
5524,0.140393913950944
5366,0.0808972994576536
8688,0.159679603316283
6839,0.174488239643081
1101,0.193124906056388
6427,0.164528882565018
1873,0.232504461985101
6949,0.215105852191435
4611,0.113510649234279
2785,0.213695090638773
8124,0.183478180110866
6411,0.134831215395715
2722,0.113939491681553
4369,0.215206787604477
2757,0.0979514158557692
8569,0.155895411388438
6527,0.113557512858186
1926,0.0987993992090498
4227,0.145129099107097
6950,0.124025461122473
7399,0.139573247678916
2331,0.133232691578258
1854,0.205260421132031
4842,0.134016008897312
4277,0.173748659510396
4010,0.178310261292512
8879,0.166815892269165
2406,0.155390355853377
6883,0.172946367078328
3819,0.190361199590733
5702,0.217086508468448
6841,0.15964503509648
4825,0.137227923163212
8615,0.116940866562059
3222,0.135609043694498
1534,0.195167180452153
5615,0.165382308088025
9301,0.139359157913097
3828,0.108586918111767
2586,0.143035681047904
3571,0.180742070525075
4640,0.128917289725673
7536,0.144806889073031
4944,0.152673172439519
8940,0.173152536397853
4856,0.121437341303038
1201,0.184346013270696
5893,0.219731658942203
1426,0.173060164028067
8170,0.198814000332334
9787,0.197376871750599
1537,0.19894348039048
3105,0.154341010371406
2764,0.141419499544289
5569,0.184599386763106
2341,0.133429188629151
5891,0.182441902447292
5632,0.201338399951958
2662,0.149683776947657
2874,0.154901601194469
3876,0.1976162323826
3761,0.119433036304473
4975,0.20045638280132
7434,0.15417481266129
9448,0.103670687951941
2676,0.189879187618962
4473,0.151904721108732
4438,0.187825904791604
8959,0.140149957462437
7183,0.177656514049911
7134,0.269384439864453
4597,0.1941602803646
5830,0.142993356688263
4889,0.150545088864081
3709,0.254280758231351
5480,0.195536172050005
8985,0.161802410631691
7323,0.168819776087261
2146,0.146038933141286
2026,0.17337614437903
4075,0.1969739226739
7739,0.172750257072158
2674,0.107435900349189
8091,0.156665094426239
6463,0.102590266830283
7084,0.162588278887155
8261,0.138624450937339
7103,0.115816207314345
3151,0.186714817637928
8342,0.136286610415304
1013,0.160158114452815
1753,0.131004146122216
5571,0.151830795006856
5803,0.147558444486963
7595,0.19152067620229
4884,0.14326711575673
8298,0.144574618402186
2102,0.192471433376651
8179,0.174257048164281
3457,0.109017733570861
3419,0.0900554686241148
1878,0.093513691373777
4424,0.158090686522282
9219,0.155808915606808
4333,0.159935039216668
8555,0.175276715710992
8526,0.192435489197232
4707,0.166206482425249
7348,0.14577900796134
8262,0.221549847553586
5880,0.213081474819118
1567,0.150806821442484
4409,0.173995859948342
3427,0.180465360051599
6566,0.223723498501014
1895,0.112147611190627
7463,0.183854535943134
4384,0.190406712124187
7740,0.179319809493085
8763,0.151169519360344
6989,0.145942342434773
7363,0.154987435053721
7815,0.191978363852914
4490,0.1986623860407
8215,0.15669372275342
3858,0.153776251670357
9091,0.141266004327298
5674,0.182547411663062
5360,0.146041933742359
7854,0.120144771616909
8205,0.231610047765342
2267,0.184887192346562
4614,0.157619988231627
1889,0.170796314829511
5269,0.105678315462733
3453,0.165253141867425
7531,0.179511202221008
4039,0.194737379405686
6630,0.107315692250394
2093,0.171296188552553
1519,0.112767765917089
1729,0.143598055676923
6749,0.158651172657391
9254,0.107264819180129
1631,0.171746379754667
6820,0.137459586295071
5550,0.157609409524974
6998,0.168133709999964
5995,0.198986252308554
4770,0.212023243793376
3986,0.174848654265545
2338,0.131074321918426
2837,0.167126228334337
9695,0.163656735352697
7643,0.162019285041173
2449,0.205674840084902
4913,0.119868957731429
2530,0.149890873160178
5937,0.206745967051468
5131,0.268404936071391
9919,0.112602037748601
3737,0.133015861769297
6787,0.167030063399484
7941,0.311690273466028
9446,0.175009495694
9094,0.173181034970003
5101,0.192191363430416
7184,0.153168125927906
8551,0.212956287733743
7374,0.234668373505718
5809,0.136178746637739
7327,0.134204085188042
7272,0.141038137227321
4375,0.193241584258568
9100,0.177014672066836
7305,0.175088589500365
5256,0.144216725674625
3989,0.180850318967856
5437,0.191562808196561
6108,0.0675930697821841
2368,0.183224378385294
3405,0.163416202363985
5287,0.152878875013125
7560,0.185893376569578
5109,0.151582642105456
7255,0.167024783986779
4021,0.0798820903397612
2454,0.223321964414572
5959,0.117398662088856
4352,0.18058051972611
5058,0.207103510398212
8548,0.110151235876311
4698,0.118249905214155
5514,0.168552240265635
9899,0.152025924169188
7276,0.151719623645477
4773,0.158295679664985
8154,0.17341320708643
1238,0.194109444988334
5333,0.154673540620681
6086,0.234865496071438
8690,0.193019334593781
3619,0.204004065881667
1827,0.123373297145659
9783,0.183235658445183
4796,0.181666995231388
2198,0.168687885118016
9910,0.164947650586267
7694,0.17085361178776
4151,0.135211188654458
5013,0.157918468755699
5883,0.198921093736894
2575,0.175131246393489
8818,0.191061698582222
3796,0.1716702292772
5560,0.131540979988123
3916,0.145726999633913
9316,0.187306695833275
4427,0.13976825603304
5263,0.135270291090593
8109,0.181164291830834
1586,0.13149176251593
9512,0.116462105900676
4275,0.232994560680745
5552,0.11611905249169
4059,0.13639770493671
7584,0.167087637822611
1261,0.148216776048769
4730,0.218619044141648
9805,0.138695830104936
4783,0.211756484467887
1583,0.185283578815621
6231,0.170786491501397
4892,0.163842330506658
8088,0.0593899072328502
1978,0.188772148090661
2605,0.172324092523725
8383,0.229999698398352
7765,0.172723337144137
2345,0.202388791223601
7303,0.207034923719755
4014,0.151246237709462
5339,0.14306268635933
2187,0.205856732696173
5205,0.149609327291713
8899,0.199453676340449
1036,0.130586721451414
6319,0.163487162751323
7004,0.139919758213953
8423,0.155597901149732
5505,0.201132038503333
6974,0.227873320778706
7540,0.0648940820023273
1623,0.148455625058518
2098,0.205185496559532
1608,0.217041529092466
4505,0.201469254085608
3320,0.222846043009413
5406,0.173241895993166
5750,0.179170117710322
9289,0.140308932111222
4788,0.159492115539962
8116,0.146079433786295
2656,0.141938685553391
9603,0.161792580226596
4117,0.236447909195794
8499,0.166617202273501
5543,0.191409341540827
1102,0.225218110022754
3609,0.146180699842628
2772,0.161325926777914
9654,0.111255103417654
1639,0.195028049034469
3038,0.210170483661519
5692,0.216712221672102
7291,0.156689984352458
4533,0.151232338964776
3873,0.222110959580784
5894,0.157654317235628
3945,0.105940083643119
5794,0.169928050959918
9854,0.17168325898307
1653,0.195788734840329
9462,0.161118857428233
9780,0.178581135972292
2317,0.190148620737466
9652,0.18520247046304
9687,0.191049847621102
2128,0.192579567723227
4453,0.162212698343712
6188,0.144491346850441
2327,0.173898028485274
3556,0.239962097683306
5004,0.00728232406779427
4983,0.135797346377589
8781,0.109477366155049
8666,0.160379283872578
2302,0.131308665040732
1970,0.218460803427639
7573,0.197491500324127
9088,0.136670636710426
4634,0.179352896754558
5053,0.16303982417385
5742,0.19659662744796
3715,0.175859227379014
3711,0.2031045917659
5688,0.16407979981858
4496,0.209460470481912
7484,0.142655328465306
9128,0.234044116089747
8339,0.17375910580363
2439,0.129923967647721
6402,0.107607728534345
3090,0.153778702158546
7389,0.213001648470317
1994,0.22374474967611
1553,0.147004301579264
9325,0.129863365306363
4932,0.169575483874656
3169,0.124380997785935
2922,0.166343512989446
9596,0.150303953606007
1861,0.188690923297224
7117,0.160900933464805
4674,0.191689622253966
2831,0.182431522775869
9345,0.180791678061302
8636,0.191587793671902
1655,0.158643823888214
4137,0.26670336808947
6212,0.181567630462555
7314,0.175423440883283
2838,0.16815114159261
9348,0.167575436588079
6535,0.0790661062386874
1696,0.168521835537756
6155,0.174922480010085
3664,0.0966948447102152
7316,0.152276309100876
4819,0.171088831560763
1464,0.169188427112699
6523,0.105372597826848
6793,0.17280918666279
2787,0.187917987859084
1313,0.131812042023602
4434,0.141147456494317
2808,0.138702804117046
1460,0.206533870911571
3377,0.134256802413332
5502,0.148030797431345
7996,0.162347052697571
3939,0.118313324536987
1513,0.184954610669553
3952,0.195201056775543
2413,0.196330027416087
2687,0.125082414256361
2735,0.167974122993015
6355,0.218602144912985
3135,0.182177956331872
2016,0.186029624276905
1674,0.14994472279465
5711,0.169255659207367
9122,0.137318008197255
7842,0.213761591150156
9440,0.229160795038077
5553,0.0874268654169382
8348,0.241137501685307
2775,0.201986690538616
2833,0.0982527837177374
1736,0.188324755473358
7500,0.180134588922478
1117,0.155656058509726
7262,0.210103140546297
7955,0.225040463775625
2421,0.157614108276715
3464,0.191098319512008
3257,0.126201876190771
2554,0.166970709494123
1008,0.206929117861395
4212,0.175930097828132
8203,0.125981929501036
3972,0.139714962495672
8052,0.264405001252232
3897,0.198554412808527
5320,0.212186015743078
5596,0.195037384869546
6700,0.178328327559059
1643,0.18790417727933
6607,0.259149764196048
2706,0.173321154698836
1442,0.244553465085796
9497,0.229887766226637
8477,0.163866884869694
8821,0.167674260924504
7885,0.152334538089291
2450,0.163280962912061
3101,0.191602014606852
4595,0.184739981729056
9906,0.156981328457295
5216,0.211913532237631
5009,0.126404146555606
2573,0.149403301166011
9247,0.131268543742929
2784,0.152478676726904
2148,0.24449151722506
1632,0.163409520191914
9431,0.194958185550545
5354,0.144501062671775
2020,0.137240092506019
9296,0.211831864526724
7146,0.150898509289391
8128,0.165698797720833
1619,0.158010182489712
8661,0.155637218278787
6551,0.211098825998148
3716,0.206139268821154
6801,0.204910209987084
6258,0.208028011207278
3984,0.192916343758713
8824,0.169960973951665
3345,0.199966448729636
9677,0.176397129154749
5386,0.170772196112429
9058,0.179221287749525
7473,0.219322293397474
3565,0.220849076552174
6239,0.147601344970923
3126,0.256763772152776
6924,0.248886910580691
2420,0.154542208207631
4575,0.167429411291758
6757,0.254947089356531
7779,0.129913235191652
5773,0.216719279997188
2104,0.174926974831768
3326,0.175255542137345
9332,0.200202280204397
4232,0.182029196039956
5870,0.160759484358298
4585,0.184923507790729
4143,0.232770341600189
5305,0.183329835039888
9090,0.212409157536097
2430,0.202602482337269
7828,0.165957049475398
5307,0.113004264736183
9257,0.215462236969586
5779,0.201522072267145
6388,0.162674745142996
2803,0.145404611964479
4028,0.195556174709965
4515,0.130464669848601
1987,0.212058310543887
1706,0.217501654091317
2002,0.217020946848625
2336,0.206070858462791
1660,0.24764721222767
6519,0.149846848419122
2136,0.112479523596438
9056,0.19191271700252
8673,0.155495404351424
9970,0.10396358140594
1928,0.22020105789483
3250,0.230104801455744
3430,0.161362574636802
3965,0.183755785256186
7396,0.166414425680229
5321,0.171856834346709
4774,0.168017760565748
9287,0.221711912980564
9684,0.174733887659953
8546,0.192516233130948
4305,0.216380160144893
9305,0.180130586484187
3729,0.174955249819173
5977,0.24049572223378
1435,0.271634256688794
2007,0.220555332173979
8631,0.162285910980435
7906,0.123662968577915
5874,0.206969020289394
7078,0.195716938723665
8558,0.156590688721098
4102,0.145578859012532
4119,0.218401679290881
4520,0.142735763080216
7717,0.158608859281157
9896,0.200009861370052
1962,0.0971602429606638
7204,0.130416854306892
5372,0.226012636316262
8360,0.10505466137808
3127,0.204146601014435
7390,0.268935675400059
1659,0.218227890188096
8605,0.200147622514316
2782,0.168899528729028
3418,0.153211047675133
6654,0.183426134541973
9648,0.151088758213949
5178,0.180779507075153
6037,0.158911546149682
3399,0.150818641660764
8432,0.18947685194266
3145,0.191609486946903
1114,0.220208741919613
3739,0.208053655104342
3391,0.167669326709373
3838,0.208046108231536
6756,0.200533316793071
1035,0.199770809622334
8640,0.149834567197817
7781,0.21083038302392
3261,0.162876582382202
6276,0.145680582989742
4234,0.198595051357976
7482,0.199408198845822
9590,0.182015460647918
4373,0.161647197855673
3159,0.148706490905897
3673,0.156957814342079
7972,0.131980318321554
4814,0.140480792626588
3051,0.220655044767188
6203,0.299460686541971
1877,0.212863764335445
7207,0.195672391123171
5957,0.148846412561124
5138,0.170026018154005
3940,0.185128165384325
2027,0.174788308472619
8540,0.261941452746016
7007,0.19915645923393
6540,0.213857547550713
5392,0.240188665526347
1039,0.160838063411572
7188,0.265254072732795
6927,0.224735149532365
8064,0.206629543154207
4726,0.19918929842791
8988,0.138231029390875
9836,0.149303691157395
1733,0.152826012199441
8742,0.250519749544165
9242,0.206172437487524
9612,0.163217796573558
6165,0.218600180419213
6008,0.176878729781307
9406,0.211535927407061
2402,0.0579214940926381
7966,0.183969942285601
1140,0.140593334572012
4915,0.166660636518387
1934,0.262566400190573
5513,0.17936358031193
2511,0.130279283244092
3336,0.179728296333926
1900,0.195756494607583
4041,0.173568286997165
8512,0.15168529056274
4822,0.210458048042888
2396,0.168228327042743
5091,0.162541525165397
3722,0.241723345388865
1486,0.14384141099782
9606,0.204937378195157
9883,0.19102681119115
1808,0.204763637176767
8997,0.179662612423364
7042,0.21892894326713
4136,0.313434578690197
8467,0.168766275721904
1684,0.115181855236929
9727,0.223954949760449
9173,0.151318731907723
3634,0.202459987641327
7306,0.204099107928605
6421,0.178103448116421
7656,0.193792296844758
9205,0.145074465180797
4957,0.224959730058321
9531,0.222358783223038
8739,0.21343919509692
7226,0.181774544905434
6960,0.160521212276859
2210,0.106638348964733
7948,0.173447206364226
5824,0.199340905386313
5881,0.14861951946631
5207,0.155319387976767
2111,0.177054527213036
9453,0.218626839652535
4249,0.175150306071363
4676,0.20403095274099
8882,0.113592595465788
1258,0.139589892740701
3774,0.230498217189824
5810,0.138612086977774
4741,0.121491789015614
4052,0.179834153258491
6823,0.205174954941505
4864,0.182392063831477
3324,0.198851169380807
4246,0.215459048459588
2769,0.165210375744544
3590,0.195353622074486
5208,0.19121746012298
6486,0.24657858906571
6255,0.221909363396689
7589,0.246599508244089
4231,0.194499550561623
5347,0.221183318165122
3463,0.264773893588546
1467,0.198726682278492
8419,0.196830385841849
6324,0.145735916501593
8771,0.247233771565366
2470,0.197415001485135
5225,0.0903596033420171
7951,0.194311578490738
9567,0.15595711407013
6760,0.189534753799583
7576,0.203582522737199
4522,0.188312787863482
1456,0.266589204979915
9994,0.203574332370783
8289,0.20620010181282
6015,0.173294504128569
6079,0.208400086943207
6120,0.156060193168021
3877,0.188956833607685
6873,0.212486629418121
5523,0.138469313592749
7592,0.160165974221083
7921,0.13574497932131
4388,0.187044559876205
8054,0.193321238683615
9396,0.109513119173787
4704,0.155801136017299
1868,0.24375334839136
4224,0.195511035218933
3295,0.161959833540457
6291,0.217340440072273
5302,0.168069015002192
7782,0.153170883003773
6937,0.146600314040727
7918,0.189672493387029
3733,0.270691986082284
8528,0.209734962872364
3627,0.137219846704157
9974,0.204181450465509
8825,0.263016852151408
2635,0.215116127942742
7165,0.191107607666407
2997,0.210706555624139
8110,0.161599242932854
4605,0.139112364532104
1093,0.20876417498358
6248,0.250647773101292
8369,0.153315900988548
8958,0.241474167043179
3643,0.166849968205015
3735,0.13483278925041
8918,0.181993462086208
3928,0.134454861774465
9806,0.220718943650103
3869,0.162015790483711
3639,0.170660782044983
1478,0.150956417804888
9875,0.17563238005628
6526,0.225979767730227
3300,0.116714477720442
2094,0.220720545049806
8589,0.210645485371599
4174,0.132036383194889
2310,0.190888828650356
5303,0.15171708543251
8765,0.21963541047723
9217,0.214325315106143
4270,0.143565750793809
7053,0.233174400266349
8846,0.183202677523186
9409,0.217480063600757
3142,0.188752111923779
6522,0.168006038608962
6905,0.106072054199881
1283,0.156198279875688
1777,0.185524609248641
7716,0.206234448317754
1401,0.1891338213084
7860,0.110292896399001
9335,0.192281147287222
3094,0.197483200258408
9703,0.196230476491603
2818,0.159152899494437
5610,0.245904097795908
3455,0.139135074368038
1941,0.16692638796272
1738,0.178084408404435
6867,0.194730544615641
8416,0.145905835276981
3000,0.168751755512545
9615,0.0969341316336786
3047,0.153106423688837
2607,0.166008531921529
6425,0.175746894002486
8745,0.177842102024518
2009,0.231629407904267
8897,0.195128041680898
5626,0.235299616898678
8114,0.174284813616541
7881,0.146242008596551
5515,0.181022343509843
8366,0.214641634903127
5698,0.15846859240437
7917,0.183332157324577
8870,0.208183103441267
7607,0.207042415163918
6657,0.179611141716708
3072,0.170412150567532
5930,0.146056974412539
8449,0.188210713663549
4089,0.151834933885697
5447,0.190208709191975
8856,0.23028241697972
5229,0.138453338129804
5393,0.223589489843349
2237,0.212283368827599
4920,0.15561140117214
2879,0.168902680986734
1224,0.0995106642419165
6796,0.152534917308584
4475,0.143425601602937
8664,0.194104826832322
1317,0.162300883170547
3883,0.222744362405348
3227,0.273043602937125
8392,0.17316678311109
3128,0.248713865594031
6039,0.200686850672788
6404,0.201580314168111
2713,0.189657693747992
4602,0.115241735310207
4218,0.103216205054206
6619,0.195617086797249
2513,0.196414815629967
9872,0.22687201128589
1572,0.15931942512089
8508,0.170071851340569
4377,0.219816862899498
9103,0.211800921546898
7922,0.171588732478664
3474,0.261522724021604
4678,0.178524010738438
5351,0.176220904978211
5673,0.175924949015684
6153,0.190654115312491
9121,0.229278562511558
2337,0.214130534822915
5850,0.223088290186675
9641,0.166337363586225
1345,0.177808222808301
6789,0.221867441819291
1707,0.150030922042648
2401,0.132946216306618
8706,0.219925493245896
1150,0.228553387038907
1188,0.196910679898255
1154,0.221967920556216
3936,0.383112605361615
3246,0.232334258568195
9012,0.130703668879527
2031,0.309961762329938
1715,0.193490357721018
3879,0.211773337299488
9788,0.258207220827672
1875,0.141775608891963
4824,0.23903456122712
6512,0.148474109298415
9900,0.172172376228988
4873,0.202078058513722
5239,0.21203568878813
3383,0.16083036296466
4684,0.236714194677114
9683,0.222322434756518
7409,0.232790798120008
7283,0.241314575814877
2144,0.208276733665583
7788,0.171049330735335
9862,0.132832295345265
3610,0.161538356916426
3388,0.27395961084093
3529,0.299055131119149
1253,0.203419862490958
9978,0.130976576647935
8065,0.182944977731667
7502,0.192610388655496
6637,0.203148697889301
9405,0.162638744001163
9659,0.10914836491132
2875,0.214394616185391
3495,0.21431903855132
9628,0.123055687650871
5998,0.173716783955571
8946,0.156411755954885
8749,0.199670024208659
7141,0.188933653003773
1958,0.188075930486628
8234,0.2250556428842
7998,0.139298965715221
5244,0.177654720981683
7563,0.211768643395018
1244,0.124175114527366
6656,0.183529404430518
6392,0.228747721109305
4802,0.181394990031995
1358,0.200996622622421
1573,0.152342844604307
5485,0.19325968467731
6397,0.199575720909516
7633,0.192090159853802
2872,0.0926163022552688
8724,0.148659593728501
9148,0.204200010760355
1173,0.19734027597853
3982,0.206406859786981
5940,0.166477425708671
2770,0.186107416020591
8809,0.127730697523154
9723,0.187169554000173
2781,0.18154524968357
7479,0.189058604441144
8922,0.170098804212805
8503,0.188376362450198
3058,0.148072090747686
5213,0.169979280949056
6085,0.176599504228399
6774,0.207557674186768
8620,0.216752425894018
5201,0.129181607276163
8517,0.187686314321651
8692,0.229986302295595
5678,0.221850269222392
1579,0.200782271759657
5286,0.229745024962627
9026,0.167586503290622
4951,0.212121835456885
4053,0.24158668807839
3692,0.216760511553918
4007,0.207852774469608
7627,0.134204071510675
1107,0.23165224339103
6508,0.178905124499275
4405,0.203055329229087
4254,0.238599809268283
3572,0.126413067564029
2112,0.192318511117304
2438,0.195177401697411
4042,0.192335702066742
3682,0.179145394813899
1170,0.136286118067463
8975,0.228629908325044
1236,0.15913226867059
5620,0.177924915802147
4236,0.227110534719224
5082,0.238644419990863
7147,0.170552059265933
5592,0.25246680264242
8340,0.108982264354728
3904,0.261199527802675
9239,0.2043450301622
1576,0.231498219375765
6921,0.176145900537409
9412,0.167428153962731
8307,0.183722996558144
3926,0.165773319574675
3671,0.213185561371807
7213,0.157990814820532
4078,0.19334886966223
5010,0.271564460747608
7209,0.200022896941592
7697,0.185464984488116
5970,0.154292291952134
7572,0.182911565506597
9933,0.260565349000904
3179,0.189551269841747
8803,0.163993621830178
1009,0.225240084862387
1743,0.227294930863549
5723,0.168113789683164
5444,0.18040316784134
3919,0.140049091133715
8852,0.1452043770852
1247,0.201131250604369
5916,0.154741920420899
8301,0.255886304040775
2632,0.169913210492958
6682,0.200949710885375
4072,0.169737068653148
7443,0.165362698932879
3747,0.125497950805458
1328,0.225993917878996
7734,0.24909713903971
4244,0.246157413975911
8276,0.202363117159715
1912,0.204003722380163
1322,0.185515405593299
9562,0.156727404653525
9225,0.110705390260571
5346,0.224198972401446
4713,0.166546743057532
9936,0.206149701247944
1739,0.171816683510872
3496,0.238530041112958
5784,0.218543606137352
9093,0.151167131154307
4996,0.175202870559972
9172,0.219090174111333
7006,0.170077190470871
1419,0.218403029307306
6851,0.101551866847613
9054,0.151841183124053
1383,0.163957241128095
4282,0.153751556749493
9403,0.150196248281925
2245,0.161670426391172
8626,0.139889607646472
6094,0.130003026085087
4537,0.19582101430394
9241,0.184924458567462
5288,0.230653436350606
5422,0.214806913783925
2693,0.221805726193319
7372,0.182813274485319
9946,0.180651734566009
6464,0.196144696815568
1389,0.224733155888881
4058,0.166174154709616
7116,0.218633024183746
6694,0.201959779103341
1415,0.245732964366004
9771,0.138650228641673
4498,0.138052691898944
7353,0.19434777504788
8568,0.20719408419526
7040,0.268081246301551
4687,0.173303784592003
8695,0.241345684034521
9370,0.191010247318622
6369,0.166402654799787
2910,0.196290260298189
2629,0.192339510074598
9184,0.190930483120965
7002,0.263389614608924
6795,0.222703586037115
3078,0.210355672777157
3681,0.142788428185537
3237,0.165975540067486
3396,0.146620792179044
4470,0.20545825374155
5532,0.155387427731717
1060,0.261434839366766
9882,0.198962399173505
2666,0.0880230732982595
4702,0.366509797923884
4210,0.262131573463093
7570,0.149420397500185
9057,0.229449958787673
6603,0.1698929963955
5646,0.188499229066175
5343,0.170959739746586
5003,0.240010435135831
3308,0.201418085280585
4271,0.163963899790826
1757,0.240087845556112
6692,0.268236947118969
8145,0.149444690981951
5012,0.19227259096118
1067,0.168934038605124
3395,0.212322682883706
5081,0.141333796371552
1785,0.130911500012739
7577,0.178532477749074
3013,0.181654530507474
9811,0.27833482094605
6436,0.270062482109829
7370,0.228885099762828
7559,0.0872013056887486
4390,0.218398666315034
7297,0.238742256883195
1027,0.171505237893843
9182,0.1878561840885
6045,0.249824493059693
7250,0.201546415010072
9249,0.191983438011819
4393,0.2683751201868
1654,0.159942463336288
9463,0.155722194452136
6794,0.189706690098535
3129,0.183225046126033
1568,0.253028897239684
6151,0.171355172195936
4554,0.219632314116061
2260,0.207294339650308
2984,0.219889828596055
7947,0.209573803298526
8828,0.208185757648093
4973,0.19108778630891
2647,0.170341509956306
6215,0.255167352066338
4167,0.273912762483929
5336,0.330464036454988
3379,0.162147812573458
5105,0.177357837398055
3625,0.171784508704828
1342,0.226768031960562
5818,0.18671115798955
9573,0.173016592278313
1805,0.182642606483946
1773,0.213881695950459
6848,0.212028863279787
6979,0.226714907980053
4558,0.233596360989567
5087,0.230172562554144
8754,0.166164720347983
1080,0.199282069745779
3332,0.239617150488939
3265,0.213901371677265
6586,0.255731092220616
2273,0.252701863761987
9559,0.195356714482402
9401,0.2378640361799
2699,0.15963983838881
2314,0.216321811279188
2588,0.169562613777012
5042,0.221840775423398
4329,0.253440250727575
5791,0.165771413466372
4823,0.247374310015168
2919,0.213932229152467
7762,0.206191276143514
4326,0.210644643501393
7234,0.250256945230746
9436,0.205488214316775
8032,0.236190113115196
2821,0.195912409646148
5681,0.211878794421344
2322,0.239665998692313
6633,0.21264367583319
9170,0.167071355851497
2261,0.132792676610936
1784,0.260363521068549
2168,0.22072549062986
7174,0.155969327109385
9746,0.158130557211055
5840,0.219843457929332
2141,0.27825074035632
7932,0.179453956954434
2223,0.196703297757723
3123,0.209893652280176
5833,0.180432229692338
9775,0.204395219731796
6913,0.205501674836667
4252,0.168893537264569
4339,0.146351414004901
3847,0.207109250362523
4540,0.217932153682952
1449,0.231000753836641
4760,0.218443280982497
6875,0.267586774169313
4133,0.132955372431667
2096,0.15884705174181
5317,0.211321347117038
7238,0.141175673780932
5106,0.20332711214142
7440,0.205463132817058
8827,0.146424232894918
9636,0.192748781329395
5895,0.215562980046601
4067,0.216373049304117
7266,0.273880051002967
3992,0.323699414965499
2877,0.180679681910785
9072,0.168467167713646
5890,0.219783068449693
8808,0.239710069277217
8101,0.147898985034905
6387,0.173793266320409
6459,0.215314015662069
1408,0.222497178706107
6521,0.268544688987656
2004,0.227022280020476
1814,0.258957888119364
3444,0.199909387316403
4179,0.147964663262991
7523,0.214119382390372
3196,0.228473897257347
4637,0.230457677163742
8472,0.219448952809601
5496,0.196416621817195
9276,0.244827289031118
2356,0.277990232380657
7853,0.243895736321401
2335,0.22178452768219
4969,0.20646413217985
8514,0.18603152588206
4916,0.213368406538034
6836,0.191640685208382
9572,0.196294614276058
5845,0.168883048054561
7034,0.123282330096634
1047,0.26732793722895
6539,0.231487807530256
1225,0.221851065805213
4437,0.176165917637501
7406,0.161558181396221
4086,0.215376889578637
8153,0.15292893340932
9945,0.192487617483189
7554,0.258221318401975
3213,0.145516100867239
5714,0.206542485244671
9402,0.221812017369413
8731,0.387453298217735
8459,0.276655473884401
3251,0.262641040528051
1929,0.193530000458713
1195,0.215158257167258
2638,0.268851021237458
8524,0.281720601218945
7425,0.188388945762122
7901,0.207815944132494
2561,0.21159654461421
5958,0.19230506181418
8489,0.140868211008793
4255,0.25000650382972
5608,0.236672202816441
5663,0.190729978860566
3036,0.273935082707925
4619,0.157763996006918
3588,0.242325665762804
7100,0.214834528710652
4733,0.217723935315362
4419,0.266179098514554
3707,0.155298667044616
5897,0.245989380925019
2886,0.225464305362734
4486,0.213156581385908
8129,0.244528941938858
2089,0.246557127296096
9495,0.213932212693212
4871,0.226008680818069
9753,0.272322990478779
9500,0.14784159455899
5078,0.144007293920999
8676,0.201178594394798
7049,0.221931303502847
3269,0.310303913520165
2231,0.21448953573107
2660,0.199512618615719
3437,0.191153817973436
3599,0.179114360132448
1441,0.20887085303185
3121,0.117812838233744
4979,0.268628541356313
8611,0.21647353325696
7194,0.165362395283585
9750,0.199880289698346
5218,0.130184848431277
6204,0.23812140928621
1860,0.16756249207876
2762,0.194717413257625
9931,0.137907757439295
8069,0.237911212931221
9384,0.143710659698634
6901,0.2918759156068
9681,0.20297170460726
4511,0.203057730499401
9253,0.255604946930096
5405,0.193901110824831
5479,0.207010735589256
3338,0.185747387182857
1903,0.190436887166477
1518,0.22779946944503
5987,0.222960965087293
5734,0.20747699865446
6812,0.21768291858718
3662,0.278896128014086
7105,0.172529830175497
1365,0.219731142495513
9766,0.267813943688576
5835,0.218467039345091
2106,0.211781398518354
7304,0.187489018039321
9063,0.192289898364585
3171,0.338639364911957
4972,0.248770579482879
6222,0.187717228822194
1799,0.271438610646009
7032,0.229495767008148
6599,0.244995178098167
3955,0.22879547983071
1324,0.295924977413192
2074,0.200980757105571
5214,0.254910734037852
3493,0.168614175897034
1581,0.233921913657995
1169,0.147679782135241
9499,0.206091781777567
2939,0.265898043072449
9955,0.221296685955664
9706,0.25595352298348
9525,0.236227522034916
1234,0.208739753687716
2825,0.209484199996887
4032,0.255736298573
8285,0.138248680490042
1530,0.21679084516419
7931,0.226745573656024
1065,0.244749382945929
2344,0.301055936493128
2882,0.253761430341887
8002,0.191395429160107
7298,0.254192986375189
3684,0.186416720753114
2613,0.209011085228655
6847,0.185642574034139
9358,0.199085013444409
9255,0.178731535605183
4491,0.191823378437975
8135,0.110821173471877
3016,0.215224167416313
8327,0.167473460644515
5080,0.230956314075379
9589,0.246196601590519
9124,0.227230281533979
8674,0.170586835134894
4894,0.185286859544029
4130,0.219887379191197
6620,0.210887515512883
4680,0.193766792887514
7061,0.189888793922112
4588,0.283869842892629
2723,0.221219821712085
7524,0.22810696986025
9583,0.150161057633691
9162,0.2685151271623
5653,0.185961269616372
8903,0.231868694618047
2678,0.211988232125432
1020,0.315659431225685
3410,0.283729224254702
1722,0.214468018535269
7672,0.219728235857384
7162,0.209802401611673
8604,0.263058750566392
6264,0.172631495631792
9514,0.202255322069307
4664,0.134683657916983
7095,0.172993783663007
3723,0.246937707416134
5767,0.195848020221964
9851,0.227981913209536
3148,0.200680602416157
3415,0.189560100795652
3878,0.194684737041575
9473,0.229239296852132
7205,0.172408511440767
6268,0.251337529880469
1558,0.181343716750842
8415,0.242161332338285
7190,0.190872661061317
6758,0.16139708555991
1735,0.187050566065308
7261,0.234093943738778
9321,0.236759702393808
2239,0.173857036174741
7284,0.204246054922255
7289,0.24563307688079
6488,0.316058517271236
8757,0.250483994927725
3779,0.218785670881852
5900,0.32120147396097
4009,0.188662810962565
2766,0.197864693047332
5241,0.219535889811298
7281,0.18552966287552
9387,0.17693688448864
9742,0.211559191787935
6632,0.234612850701131
9025,0.187610041718501
1640,0.210770230256237
9663,0.259222506073004
3176,0.177402309337858
3255,0.21163946419942
3836,0.240014030501527
2051,0.18896182543615
5926,0.243930499055507
1285,0.185358892345883
4024,0.210681480959128
2391,0.194528434578467
1151,0.175667034240629
7310,0.188087965590258
6018,0.215608817715907
5099,0.364049875732377
3527,0.33300721550646
5727,0.228190982503105
6052,0.244264835659175
4862,0.212889342767259
6601,0.228730027277549
8454,0.242457855584256
1152,0.181075139345857
1239,0.222372056581671
4366,0.14909395581597
4510,0.241649446902148
4321,0.200081644805508
7940,0.189704432166426
6295,0.13837150735454
1633,0.174108495636891
3546,0.157729694473772
6445,0.219770212646745
5728,0.136428043040838
3283,0.194403814145282
5621,0.230434382731476
8389,0.221812797309831
9699,0.254991433813628
1709,0.267013835527527
4946,0.213813423951917
7847,0.25015151563759
2544,0.225058013537081
3416,0.207805103826307
1052,0.182272297261282
9726,0.209457064171096
1115,0.208596571396833
7066,0.197184477370014
2744,0.262432837946031
6695,0.190406341610474
6430,0.212062391798354
3661,0.144113672259959
1055,0.247405974548851
3184,0.326619923239904
9129,0.203258448493546
3613,0.249567958253951
9493,0.129423227318481
7152,0.213541212446579
8960,0.121451353791793
5712,0.208707411679301
5071,0.328363622328058
7817,0.270607746037701
1141,0.218701188797778
5837,0.28414651642381
2908,0.181255948775269
6228,0.232795229291325
5176,0.225572676221411
2856,0.251775561884443
3276,0.217554424231047
4764,0.2078222303971
2622,0.186623524158953
2681,0.22651732382675
4002,0.195145398087031
4455,0.206872809789413
7469,0.203395486569775
7928,0.233071785998232
1848,0.264084556953318
2475,0.271184852748894
5198,0.191498287796702
9438,0.31576519765561
3046,0.24345284927065
1159,0.22697615405661
2165,0.221042034297521
7637,0.214713228595227
2280,0.36556638988061
8192,0.164484386745595
7802,0.253282022827722
6270,0.274077336489143
5517,0.204879565868325
7613,0.221558907129633
6748,0.248454407695771
6548,0.273824124225627
5877,0.147288810528749
3010,0.202709978749306
4855,0.181300060582903
1219,0.235365376352478
8847,0.280270466422387
2073,0.286686402667801
1954,0.10803671267142
7444,0.182901156680974
9398,0.158359544674743
8122,0.240570745975566
5538,0.345171265714306
2779,0.218658768530699
3459,0.381024879622802
8953,0.195327948381105
8162,0.225221200430709
5211,0.234255356836379
4485,0.191009942999272
4694,0.249155349777112
6991,0.214951539236608
4705,0.231164028086262
3519,0.279857768083298
1927,0.286030735617767
3490,0.228838966754591
1302,0.160334859293411
3120,0.277700286739111
4154,0.273517762938917
8799,0.251332579441512
4603,0.192022719557846
4722,0.244548658758212
6727,0.242214754423037
9873,0.306829579516184
1833,0.179287110270678
4615,0.219658662626029
9330,0.300847082558705
7792,0.180418348308666
5808,0.246569579728154
6824,0.181835132095273
7357,0.211599054303957
5167,0.224665136527258
1245,0.421239232913982
9260,0.270777802752509
3526,0.21053564342535
8255,0.267109181353166
3480,0.20289470587181
4978,0.360081281806563
5483,0.24910485713764
1545,0.177364450202591
1935,0.410328999017288
4116,0.197520334539717
7958,0.227906724227593
9719,0.17307448127318
5506,0.19478346433901
2191,0.269563545813658
7698,0.19554184387891
6130,0.356276915292757
8893,0.201455990475125
6206,0.240891629482584
5695,0.26570505950113
5140,0.226571041835736
6236,0.331988092552183
1769,0.254370907350386
5063,0.19164720576255
1361,0.245306856601418
9077,0.114248606335655
7737,0.277648968977274
8709,0.200808800204877
3804,0.337056652724669
8719,0.271551108584373
8999,0.179047061145766
6616,0.214263198273615
7317,0.188867728052322
3294,0.270216734606787
3990,0.279431253227466
7222,0.223971590271564
4499,0.233131835738714
6241,0.175064494227898
9461,0.197701084246845
2066,0.348540635128549
7641,0.243902061411717
2061,0.141896068709539
9147,0.234380294680406
7649,0.242446392630134
9599,0.224570264458562
7480,0.173372155265623
6328,0.229437674260181
3975,0.00103103492752859
3820,0.20251316873366
9998,0.242518215240602
4899,0.25925072375922
4968,0.254105136069674
8312,0.249317274592534
9154,0.319405788451819
5000,0.202964351863818
1131,0.290545000020382
8868,0.22982181867949
8204,0.270126830640741
2631,0.193309784176463
2221,0.211329871716405
6218,0.226029708606781
4509,0.281002965544997
8163,0.215506283326386
5967,0.18351556854076
2990,0.293319218754092
8914,0.212301499562435
3587,0.312867442025731
6170,0.203276398444747
5314,0.270126774826791
9888,0.276596767273872
3553,0.19975501912515
4162,0.234762606892795
4795,0.191278081424277
2118,0.372229764287952
7704,0.213675624078718
2500,0.213080683521213
9944,0.377828671959685
4387,0.223332521017457
7678,0.320844995249275
2120,0.259467172257254
6581,0.216905627933925
7890,0.196172626717337
8486,0.244174288393055
8148,0.211744030562838
3313,0.275986511236685
3099,0.228284689055208
9037,0.280178602436746
9748,0.219625861913377
3378,0.240513445356691
3674,0.174248942646026
9545,0.258473187764843
2826,0.309924347255879
3832,0.234661609822756
7763,0.23091748103731
4279,0.291087363641783
9642,0.194696545890449
9912,0.194029004625579
5345,0.213163379933593
1091,0.274441561062924
7927,0.228436099427687
3201,0.29424293985284
4923,0.214972282837621
5652,0.231465186147306
7008,0.227109657250502
8877,0.279643624948671
8878,0.294653684222689
8051,0.297050893221856
9152,0.311779178993244
9048,0.237344059785018
5375,0.223244180568815
5601,0.292450007861083
3291,0.219201027820957
6361,0.220152761894344
9258,0.266689609032043
3282,0.25336997296563
3908,0.245222675789889
8433,0.322549894957796
1046,0.307880800680664
9042,0.207732196153512
1853,0.253238889918934
8655,0.255996438719556
8005,0.165341746653507
9168,0.244538758715231
1462,0.201406761956204
7833,0.264125595372995
4645,0.166342388067768
2279,0.205376078547918
2667,0.195152752409946
6395,0.305150121888989
2822,0.337452405514164
6068,0.271781800163806
6104,0.226291190981168
3981,0.260531592727453
8656,0.233961418748274
9814,0.215556667722133
1149,0.214624580135731
1523,0.223632599829727
3475,0.302155435321635
4460,0.233128207257242
1548,0.224668554488012
4482,0.248185969151834
3059,0.265562005162001
2508,0.305896985057912
8470,0.3513859561592
2264,0.182274574491691
4942,0.304098398759509
8103,0.23042443562022
4433,0.316119002933885
9586,0.201199041618322
2432,0.184366288500842
2164,0.268755005195404
5023,0.307822962398798
5024,0.28177314712594
2158,0.245313826062118
9861,0.24902775677347
9109,0.171766496577967
9941,0.326211939761683
5748,0.192812755262081
1528,0.256815712973764
6622,0.361014658859061
6898,0.211929786553444
5839,0.1666530895115
1211,0.356047249032334
2760,0.221070702724425
5756,0.228200643951787
8523,0.280959991696338
4727,0.246054889341247
5997,0.270693499356734
8584,0.249608646373333
8699,0.243450501567786
4140,0.31540873155298
6872,0.27518714844158
4985,0.322583815546818
7360,0.177078020908945
4766,0.371309594365051
5414,0.261814469156898
9483,0.150853337049154
7662,0.237666784629055
1724,0.227143630171476
3275,0.269489247754549
7635,0.255099208714461
9981,0.218607796386505
1792,0.268621107684759
6580,0.244838799379633
3562,0.371478994357425
4283,0.355941096575117
6318,0.278993278273979
2079,0.257226549490926
3150,0.194010521560854
7088,0.19577511370382
5490,0.244095848210445
5486,0.198917729856194
3380,0.314446854153265
2442,0.171086698225882
3086,0.196870963047028
1041,0.249908185773641
6376,0.228086629212298
4625,0.277829057438125
1514,0.155680873613427
1022,0.259081640562905
4247,0.276774539873604
2966,0.24466810447569
2941,0.228615905133393
6300,0.272360397672866
6235,0.320613273207399
8479,0.287274002787786
5716,0.238583168037949
7883,0.290702481467346
9761,0.28708041616532
1053,0.277941610660807
7426,0.230605973863851
9342,0.28412632742561
9356,0.192734800179391
4497,0.194601099637124
2965,0.33816303968332
6546,0.21077020804725
4150,0.304562174728548
4115,0.269602108270872
3202,0.301941354342243
1470,0.242872452412709
9880,0.282705625210316
2924,0.353117445633341
1417,0.254948603166525
7060,0.226071809096425
8102,0.261161983630552
4457,0.290250879231085
5293,0.354607560125661
6908,0.265575457293641
2911,0.246512209145182
1634,0.298662551346616
7379,0.31723069167866
5561,0.316438928092807
8440,0.243199012979633
5403,0.344196171338679
6399,0.292597488179754
3252,0.27942341689679
3260,0.329795939651854
3370,0.218169036981518
6136,0.220602783926378
8926,0.265748628142613
1615,0.242567565440552
8549,0.193102434463261
3218,0.251854175174723
5677,0.233433045050424
5705,0.331183492147316
5193,0.247984219221484
5357,0.245851125547035
1944,0.246667736039825
4207,0.260714960410811
3743,0.251816329330081
8396,0.156490829519141
4673,0.249054857850078
9132,0.250847827662194
1042,0.271138468470604
4100,0.388479087543075
9951,0.222511137007939
7811,0.272391710647157
8319,0.309673495278256
6966,0.214169405650172
6173,0.271107327689444
7722,0.349309767261083
3521,0.228267545257979
1977,0.3201564433523
1221,0.228628844555696
1702,0.180178042688187
1731,0.297457387526333
4917,0.255708228998524
9921,0.28278626531487
2045,0.222677919605189
3764,0.285926004926503
9454,0.320963687590848
1628,0.223106687832669
5243,0.114672225515637
1023,0.391614902415608
3624,0.193908594119477
6041,0.275630049425164
1714,0.278775873624345
8778,0.310690124889763
9424,0.279773219016932
6658,0.357182560347436
7468,0.281987431072618
3611,0.240837173648199
7639,0.224602342623841
3937,0.385767438210552
8142,0.337600598133512
8246,0.246603405459007
2930,0.28561480607089
8009,0.26208518200658
7384,0.209966838099962
2617,0.26542896856964
1974,0.194237475959482
2690,0.243002692096462
4717,0.19847086837682
5313,0.293926821030238
3784,0.351754534363701
4910,0.263198776490284
2418,0.361584242555798
4612,0.290255930254261
5758,0.205330530498096
1465,0.220903267864303
6840,0.350039592641016
4668,0.326673604143704
7598,0.251452123298413
2595,0.25471803283292
8541,0.280526694325688
6613,0.381678386842894
7356,0.367384029875095
3349,0.301849797499285
5481,0.284676066745095
3649,0.278577154246945
8236,0.349832427265887
7850,0.238379690014169
4887,0.311928209476043
6303,0.236562776283045
7776,0.410625461080642
8794,0.399067072081562
9593,0.277007710435828
6184,0.195110672986635
8050,0.265116059576976
8087,0.202472778337572
5499,0.264552100134187
9137,0.306529986287367
4943,0.2243091128544
4584,0.29656844680991
2374,0.244587629032374
4061,0.312248783321068
9549,0.340380130915362
9772,0.317936397403372
7793,0.273159033963289
3429,0.231762950481166
9083,0.334669358283623
9755,0.219961546609621
1986,0.254811244397344
5658,0.197849948881581
4299,0.321957608296884
5468,0.258565992003655
8199,0.347382019503525
5863,0.262753882501584
7868,0.304075226538516
4301,0.195613955712031
1797,0.359947965510761
2970,0.18733446077177
5693,0.232129402694785
9435,0.283666918174801
5813,0.351528682387339
9667,0.3178776176722
1004,0.305285629057565
7451,0.307915017353908
9890,0.263966521188166
2216,0.284265761196975
8230,0.227666510487782
7015,0.268089168558325
1510,0.172007380393212
1299,0.240910838457898
1501,0.282572362946539
2257,0.202646793592666
2275,0.313499759755656
2664,0.286422596356055
4893,0.263980695676747
5660,0.230169643142145
2800,0.239384303551203
4880,0.319038804095848
2189,0.319913032083476
9707,0.190051936550116
9820,0.120220641651239
1288,0.323822366719624
4681,0.369742700767326
7231,0.259150879349094
6245,0.374360030904309
7143,0.30941111348869
1371,0.320827655827118
7046,0.259947085051045
9859,0.346597836726898
9607,0.214518527116786
6175,0.246862332806476
7341,0.24700825614465
2962,0.344472698241063
4337,0.265938619889173
4159,0.358014683893078
7139,0.272733786852497
4896,0.287194421099793
1730,0.248027260762402
9618,0.202554986221907
3270,0.395437799423365
2564,0.339997044159578
3596,0.31417919738284
3809,0.206964963709934
5788,0.323617086029143
7720,0.300693623491641
1580,0.229306728625295
2780,0.236277225866282
1911,0.309439119648121
4532,0.399627377682731
3896,0.296957510186352
8217,0.293268248634978
6333,0.201857887903167
3566,0.267975193508184
4845,0.335129741237858
4571,0.274685087779815
8113,0.407645859565207
7453,0.344663007575508
7911,0.265573851081618
5572,0.301919617055989
8014,0.274189795190178
4001,0.367775462474913
1044,0.260578265748954
7064,0.335572629138289
2745,0.270189754879226
2732,0.278704519495802
7871,0.242457996999304
9825,0.471126749344932
6097,0.235854972839355
4734,0.28540967645224
3465,0.252181824946547
6610,0.306675901233797
5665,0.399373829222546
4330,0.314083412706882
7059,0.361142631236075
5120,0.259103368661633
2724,0.330270525768283
7413,0.283637402281334
6675,0.333284339900928
2624,0.383003004950791
7886,0.260022524397147
6784,0.217669956179398
3607,0.286635578844358
8720,0.230269653645864
8429,0.366943456907595
6628,0.356583721255431
6185,0.399567750653237
9206,0.318796391684855
3220,0.267875438040789
4797,0.387207283177589
9839,0.294709620133216
3635,0.383661333201099
9160,0.261961766016162
5412,0.347189157486841
5159,0.261269881887739
8030,0.271211181843353
4888,0.379737369590889
6020,0.309606306623524
5978,0.336515101967756
5731,0.341184378149467
9797,0.273218027199093
3207,0.278833857900661
7294,0.218277126743626
6396,0.309841024956388
8496,0.33685474156288
2869,0.280227976357151
3346,0.308372620049398
6147,0.359750876459318
4242,0.191689622253966
8982,0.302732987465252
1428,0.332600721331891
2918,0.398626390434538
1985,0.28300703866623
2646,0.301441868244998
2644,0.388918249970505
1756,0.288737933413301
4276,0.210232288625032
2765,0.26085365828791
7968,0.293297844544684
6138,0.283477899101474
3978,0.321905173416066
4410,0.229687116686426
9799,0.319571781172567
3287,0.347696362784161
1069,0.27837544942718
8683,0.287897332156957
3751,0.242203712297531
3278,0.306620064549034
3757,0.299104446744957
7586,0.421117183222755
1246,0.283396532517126
5425,0.374461572520232
4336,0.288518069102192
9075,0.326174903502008
8346,0.404678049110085
4663,0.372324128013861
2858,0.265905590784558
2848,0.263694953115086
6027,0.286605509151407
5922,0.342903223869901
3411,0.287940439259667
1050,0.36773930855237
5888,0.358018860894255
7166,0.295826694134458
4586,0.300555800554958
2091,0.322664535722622
9791,0.321749652846195
4682,0.353578041931252
3756,0.261540632381257
7499,0.383680763564253
6977,0.293483854218113
3900,0.166614484880116
9261,0.128827972420144
2844,0.426548058936029
6026,0.346470334265111
6099,0.294326169186018
3305,0.336369328437494
5859,0.368807450687329
1276,0.308632107695731
7043,0.155777350266892
4607,0.377152963687554
4071,0.374014879140711
5272,0.36410387904425
6221,0.32636772247502
3816,0.266824822972317
6014,0.454692371966057
3054,0.31330950974169
7758,0.418203819770134
6693,0.360296607086466
4872,0.244781364882756
2619,0.307116762625891
5460,0.325024655534955
7157,0.303680219929891
6354,0.222058918531948
9804,0.289006855058
1560,0.285061039416791
1794,0.349533763695343
6417,0.38612274271038
4391,0.357242495210458
6623,0.386890050370329
1439,0.332161586905126
7587,0.365726366949265
5047,0.360945251622223
6881,0.356214359788805
4226,0.374913146263687
6266,0.327100259646566
3353,0.390755154743996
4768,0.394237051802371
2256,0.290919003312992
5453,0.280062254502143
9830,0.393707774804574
2672,0.349439971680524
3792,0.249328858128506
4386,0.265730181381454
8974,0.325376779125466
2397,0.231224486287437
8817,0.321310319131376
9098,0.310897735989178
4372,0.335638254471953
6482,0.282950821015692
3586,0.299480338064662
9264,0.294536197435102
5448,0.317860184748249
6962,0.290024640462628
4182,0.384545228947208
5535,0.374219180621316
4338,0.320516862111929
7466,0.348749465298226
6036,0.457039068477305
4440,0.219471176114886
8618,0.219583296065482
2509,0.284145805521979
8388,0.329608385537418
7606,0.363791032299671
8405,0.447321335823522
2423,0.430120676815675
3509,0.334278034787554
8658,0.371917626267229
2012,0.214925628124924
3304,0.263788861341581
4653,0.350955449801592
3050,0.43800712096521
7423,0.359370051207941
3097,0.405325320138595
7301,0.425319522028676
9776,0.275166498078135
7848,0.309009019955526
3802,0.342699270207955
4066,0.274569054036008
7099,0.347991896746287
3976,0.217943330026734
8328,0.357727001278162
5867,0.346256075822118
8783,0.366170528251149
6287,0.393758169606531
7429,0.403885151905611
8973,0.361694279331158
5730,0.47116585822128
6305,0.401854923243412
6805,0.370296128261503
7790,0.205520992872451
9940,0.214193671485817
1763,0.197523617638869
7752,0.219252722786495
2201,0.410390563214776
7309,0.354990658768403
8019,0.391210788254977
9472,0.441117352124445
9845,0.316476431485953
4219,0.287532315584662
1437,0.464237363777134
8061,0.380171265832884
4743,0.373416663347755
2085,0.377787512800549
9000,0.200541035678083
2981,0.256969261009991
5355,0.296836930180949
5639,0.243278200622712
9643,0.323915417904272
3630,0.32789522768739
3862,0.45755582789131
1544,0.397979931805046
2806,0.341841534688435
3595,0.202140533906484
8816,0.356206595005996
7358,0.219113054165852
8609,0.303659811977902
4952,0.323237671991326
8166,0.332072894301039
6753,0.389229637660297
2761,0.220063606570795
6746,0.375394441574171
6117,0.411602874723107
7684,0.33986768917131
7347,0.3588323762891
3560,0.330354158830293
7311,0.3929585500003
4599,0.394242890435094
3109,0.357468849241496
9323,0.360201986338217
2689,0.219408357134391
7497,0.314566594226894
7220,0.42379980594327
9468,0.309705465294994
3696,0.357199035947495
7985,0.495666115763542
6829,0.413432831127912
9554,0.278887783045853
2668,0.391679343105032
8768,0.392382804787993
9068,0.381150853130884
1531,0.334669556422196
2047,0.433879071137191
4049,0.448217984243507
2063,0.361964338611596
9131,0.404314637317377
9619,0.359985046864152
3445,0.491239316660522
5968,0.328409813975931
6292,0.36494651853902
6733,0.493532749030279
7292,0.334067628222494
1240,0.367202845322315
3615,0.412117131750769
2836,0.362991530393535
6997,0.439769991741695
6903,0.363914438722724
6271,0.508657643092214
3167,0.515610843152815
4801,0.369269220607749
5757,0.420675497128364
1243,0.460421925453681
9211,0.275676067825998
6275,0.382228610732103
2033,0.366665967920708
6353,0.38456636965758
4771,0.454437983452065
3376,0.187410663206509
2940,0.32384019162573
5841,0.354671409722303
6678,0.351544184718378
2994,0.372077688137724
9897,0.319211283281078
9690,0.326695860891485
7067,0.363251034186535
6083,0.382141691296954
1823,0.391885117350153
8938,0.393242948753825
7907,0.393571342397087
4809,0.441251794879187
3637,0.434230512877608
4468,0.442050073975891
5338,0.40195876711892
8983,0.371660167351041
2996,0.329108737638231
6685,0.428689319161203
4838,0.393905843607341
4128,0.429343905614468
7024,0.417255848244451
4551,0.384381578666086
4120,0.402459131218771
8305,0.41414658074235
2248,0.423032149123844
5394,0.311200362478028
7741,0.355076087559191
7073,0.358908381444616
1084,0.385001262708366
8944,0.366489805794376
8187,0.363063705398924
8195,0.418314420385132
3541,0.372860547449166
6426,0.219692201818345
3855,0.366300045970949
1130,0.346369430940632
4382,0.448961263628528
2452,0.474660077688722
7269,0.347922997036879
5709,0.332172233073211
6925,0.341442128062806
6174,0.464201498594409
4479,0.527994283327666
6072,0.458658250984542
8446,0.446635792377947
6480,0.448205431237163
7568,0.367330784820162
6087,0.401534300801216
2677,0.348094744761373
4895,0.380717881291004
9954,0.396884669737835
9235,0.466559215088955
3676,0.504285992515863
2893,0.349718307718579
3841,0.30180563528711
8483,0.415434178937196
1147,0.317346780233602
7085,0.437161717766675
5933,0.189917334254086
1028,0.361103515093206
1088,0.487712670487838
7176,0.450997585558138
7667,0.205726320395924
5494,0.318777415634109
1850,0.560873350222479
3382,0.319288276504868
8881,0.218079705426237
3440,0.403638605118783
4346,0.429764038583438
4679,0.408281130019845
6589,0.412112060477817
5618,0.49204623746269
1666,0.406581820926897
7705,0.222724475057776
6351,0.383724959104769
8976,0.412182745563879
5322,0.394272417300256
8350,0.388122763168155
3620,0.446713239784765
7959,0.44594731001232
7274,0.439922130664034
2184,0.399998416652153
6214,0.34385204891392
3014,0.375940132588068
6959,0.487912636719875
3528,0.406618530266251
2213,0.450713433424974
5065,0.329150110833863
6945,0.40869511492596
1915,0.392474332280392
4560,0.475569464612684
2850,0.440457597538152
3875,0.442443648396639
1751,0.385119841596514
6080,0.43026280714767
9937,0.475754637714346
1554,0.425372972218616
9303,0.392989946280867
7730,0.368811855776272
5866,0.199139962086741
8947,0.375652579606541
3962,0.498122775610947
7486,0.561125701362307
4907,0.385781647706026
2425,0.383350369018069
7217,0.423592147225934
5746,0.49008676658559
2618,0.375263128421478
3708,0.457254647751018
3833,0.480955617407532
5329,0.433469989025782
8755,0.373452772300085
8407,0.534368105482939
3827,0.43399937763456
1718,0.505057728358388
2942,0.370293146388778
2562,0.520669333769902
2023,0.422222270821266
4970,0.380033849123436
7381,0.459214740505316
8561,0.371147895812954
2197,0.503567177336825
6940,0.426754294478983
9188,0.60704208020461
4629,0.552485648175361
2313,0.376923311943327
5826,0.419599746562379
4806,0.430845231508098
5493,0.509637925753511
5766,0.545588709085986
8344,0.473750814731602
1122,0.590575713248891
4313,0.563104396697915
6585,0.502032071449856
2642,0.531915766830842
3435,0.195807901415317
3593,0.591279741582348
5593,0.483444610409838
6816,0.517387876317731
9487,0.451372161091331
1796,0.536676491417547
5751,0.538041005268175
1367,0.452323880934713
4296,0.557055810083094
9395,0.479672941491247
3273,0.552232683693104
1821,0.470987837830495
5255,0.543795753636715
2956,0.519662688219303
6918,0.438836823390072
6670,0.457133699819819
8722,0.584759132352226
8362,0.49105962049696
6600,0.471601339300224
3288,0.601738142947853
9046,0.384229059839789
6078,0.461782506917785
9724,0.489448033528235
6186,0.483732933649657
9357,0.666873493507024
2791,0.489710564394923
3791,0.492141360791761
6635,0.138871932243197
8505,0.464790245162886
3812,0.520790128559919
4135,0.575352620152861
6230,0.463106075547942
7749,0.491053874004772
6765,0.222997944173037
7682,0.549715572441046
8530,0.540543301629267
2721,0.553924816111466
5656,0.582940199758554
5247,0.356317151323159
2507,0.53089662991796
2802,0.489113741214682
6073,0.537695771084452
2582,0.458382727339519
2959,0.51242332147695
3641,0.479082935561957
8812,0.50353989977682
8147,0.465260090394324
4262,0.51569111506866
1859,0.438977675941868
7538,0.554769745787368
6386,0.522689793636868
3666,0.424305678267118
3458,0.538257368059904
1226,0.449599487241617
7580,0.554882421179501
1407,0.396094278259931
6894,0.589601640921416
3236,0.534212416520369
6164,0.406735775690943
6490,0.633020632364025
9334,0.557687227650602
5056,0.43507221848728
2185,0.531072754229235
8460,0.400844124746186
1189,0.489736334565941
4849,0.5834393193057
3344,0.795875157941571
4937,0.761880310640718
4732,0.725011148332726
8643,0.635395813373789
3173,0.57001468258684
3870,0.612686326925862
5361,0.688275395192655
6469,0.633140455421691
1546,0.625964041996521
9523,0.707096090461488
3814,0.602805067094362
5952,0.667416370403725
9986,0.605532105755427
8936,0.686137558960806
1420,0.541699395551898
1271,0.515015324117675
2371,0.50568285667365
7290,0.576806380674731
1213,0.626927155283803
7405,0.625242754921904
8646,0.569842438028417
5726,0.600610094862179
3834,0.648262335079094
9153,0.5245750113324
7478,0.610608080989024
7458,0.672505874530838
5587,0.523533218254973
3864,0.618941795260802
9390,0.70859623401053
7285,0.660633106927619
5989,0.621474840892584
5449,0.579377647776675
9376,0.529706710479774
9762,0.692395994097732
6064,0.202608347992339
4740,0.555288838380269
5184,0.584403735808424
6341,0.555440834331367
1099,0.663856554804557
5650,0.603739541295861
5400,0.193588498005279
7328,0.630623010285383
1816,0.507992236696793
1940,0.764565415877762
3687,0.572674172978235
6669,0.540392658589015
3570,0.703264013177814
1862,0.525385200846125
5576,0.185695401697082
4568,0.717604423214702
3979,0.627773014223919
1436,0.765627382029686
5868,0.507790956245606
8238,0.671440292847945
2215,0.631491678997217
3322,0.583834319786638
7993,0.576284682037631
1348,0.217655585240744
3027,0.674310760271235
3009,0.48256495572278
3385,0.6531166425823
9344,0.718558136014974
2587,0.61435588030438
6860,0.613913851116193
8355,0.604745652991041
6367,0.577593267509731
1217,0.511797095203962
6146,0.65731546355944
7924,0.615115257481146
2756,0.67608742030528
8789,0.613162815262899
4981,0.551590781941437
6364,0.721643323925558
6438,0.551927456676839
2576,0.630924159073046
1610,0.684171651309911
1778,0.59530160447565
8155,0.609615712414145
5831,0.656579643986408
4030,0.552062013075026
7171,0.743952910756532
8130,0.738951703603532
7016,1.03468372052986
6618,0.796831362025253
7721,0.95352640211464
2183,1.49929659128211
1202,0.974787315914895
4715,0.120008767825219
1532,0.791646218645696
5015,0.924140594496247
3524,1.10986322057949
2407,0.723931152251952
9164,1.04370303138413
8525,0.727721906540479
2364,0.768859283214309
5458,1.02139807499711
4591,0.982705235441043
3887,0.884581903716087
8864,0.902917909985939
8855,0.821490911427981
3584,0.680339242562816
8304,0.891991393304052
9009,0.962688591863155
4118,0.921208700936611
7849,0.80647906499988
6499,0.755369837761645
2861,0.988296165385715
4882,0.768065438472503
6534,0.880996092933454
5369,0.725956744350502
7474,0.882164720196614
5847,1.05538013056978
4025,1.024563530478
8487,0.926348475454076
1174,0.914410815656809
2565,1.01316023049005
4874,0.796799530987904
6897,0.995028620846114
9062,0.759825239690096
3146,1.10751035882325
8476,1.12899566616878
4340,0.72940142751358
4163,0.786493487397569
5516,0.816605748117554
2434,0.841955956121576
7526,1.03524773616153
7185,0.155835856070004
5408,0.669871001104926
5599,0.968434353041479
6450,0.790406069877745
7225,0.972815941648678
6382,0.979499347924533
5146,0.841394346469986
7591,0.863126411294262
1609,0.988354268545362
5820,0.774413690134917
7334,1.01348868517795
2388,1.12534943625153
7547,0.839429072441592
1167,0.899410192251409
4442,0.924029272214482
8800,0.196850418355854
8923,0.904381320689426
5038,0.759579531686685
1251,0.867386729093323
3656,0.821942480045798
4665,0.937083702234274
8493,0.806228171041802
4111,0.219784091428093
1836,0.880979790598117
1872,0.80418546827524
2684,0.218743333465759
2277,0.761013952528868
1400,0.785174967907116
4225,0.817655553895495
4974,0.956274643484083
5745,1.15043109909467
